<?xml version='1.0' encoding='UTF-8' standalone='no'?>
<doxygen xmlns:xsi="http://www.w3.org/2001/XMLSchema-instance" xsi:noNamespaceSchemaLocation="compound.xsd" version="1.8.17">
  <compounddef id="classf110__gym_1_1envs_1_1rendering_1_1_env_renderer" kind="class" language="Python" prot="public">
    <compoundname>f110_gym::envs::rendering::EnvRenderer</compoundname>
    <basecompoundref prot="public" virt="non-virtual">Window</basecompoundref>
      <sectiondef kind="public-attrib">
      <memberdef kind="variable" id="classf110__gym_1_1envs_1_1rendering_1_1_env_renderer_1a10e0980201fca6f3392fc5c333a6ad99" prot="public" static="no" mutable="no">
        <type></type>
        <definition>f110_gym.envs.rendering.EnvRenderer::left</definition>
        <argsstring></argsstring>
        <name>left</name>
        <briefdescription>
        </briefdescription>
        <detaileddescription>
        </detaileddescription>
        <inbodydescription>
        </inbodydescription>
        <location file="/home/billyzheng/f1tenth_gym/gym/f110_gym/envs/rendering.py" line="75" column="1" bodyfile="/home/billyzheng/f1tenth_gym/gym/f110_gym/envs/rendering.py" bodystart="75" bodyend="-1"/>
      </memberdef>
      <memberdef kind="variable" id="classf110__gym_1_1envs_1_1rendering_1_1_env_renderer_1acb665a6f4d150da3b2159b1cd86f4117" prot="public" static="no" mutable="no">
        <type></type>
        <definition>f110_gym.envs.rendering.EnvRenderer::right</definition>
        <argsstring></argsstring>
        <name>right</name>
        <briefdescription>
        </briefdescription>
        <detaileddescription>
        </detaileddescription>
        <inbodydescription>
        </inbodydescription>
        <location file="/home/billyzheng/f1tenth_gym/gym/f110_gym/envs/rendering.py" line="76" column="1" bodyfile="/home/billyzheng/f1tenth_gym/gym/f110_gym/envs/rendering.py" bodystart="76" bodyend="-1"/>
      </memberdef>
      <memberdef kind="variable" id="classf110__gym_1_1envs_1_1rendering_1_1_env_renderer_1ab6f1d3bbdf185a2489a9c444413e72b6" prot="public" static="no" mutable="no">
        <type></type>
        <definition>f110_gym.envs.rendering.EnvRenderer::bottom</definition>
        <argsstring></argsstring>
        <name>bottom</name>
        <briefdescription>
        </briefdescription>
        <detaileddescription>
        </detaileddescription>
        <inbodydescription>
        </inbodydescription>
        <location file="/home/billyzheng/f1tenth_gym/gym/f110_gym/envs/rendering.py" line="77" column="1" bodyfile="/home/billyzheng/f1tenth_gym/gym/f110_gym/envs/rendering.py" bodystart="77" bodyend="-1"/>
      </memberdef>
      <memberdef kind="variable" id="classf110__gym_1_1envs_1_1rendering_1_1_env_renderer_1a6e8e1a6e3f6c1f681f0fcbe6c04ffc27" prot="public" static="no" mutable="no">
        <type></type>
        <definition>f110_gym.envs.rendering.EnvRenderer::top</definition>
        <argsstring></argsstring>
        <name>top</name>
        <briefdescription>
        </briefdescription>
        <detaileddescription>
        </detaileddescription>
        <inbodydescription>
        </inbodydescription>
        <location file="/home/billyzheng/f1tenth_gym/gym/f110_gym/envs/rendering.py" line="78" column="1" bodyfile="/home/billyzheng/f1tenth_gym/gym/f110_gym/envs/rendering.py" bodystart="78" bodyend="-1"/>
      </memberdef>
      <memberdef kind="variable" id="classf110__gym_1_1envs_1_1rendering_1_1_env_renderer_1a46bb51fb7c77939d2c4b023cfe2ca867" prot="public" static="no" mutable="no">
        <type></type>
        <definition>f110_gym.envs.rendering.EnvRenderer::zoom_level</definition>
        <argsstring></argsstring>
        <name>zoom_level</name>
        <briefdescription>
        </briefdescription>
        <detaileddescription>
        </detaileddescription>
        <inbodydescription>
        </inbodydescription>
        <location file="/home/billyzheng/f1tenth_gym/gym/f110_gym/envs/rendering.py" line="79" column="1" bodyfile="/home/billyzheng/f1tenth_gym/gym/f110_gym/envs/rendering.py" bodystart="79" bodyend="-1"/>
      </memberdef>
      <memberdef kind="variable" id="classf110__gym_1_1envs_1_1rendering_1_1_env_renderer_1af71d3702c2e9fa5e8e109111b4a337ce" prot="public" static="no" mutable="no">
        <type></type>
        <definition>f110_gym.envs.rendering.EnvRenderer::zoomed_width</definition>
        <argsstring></argsstring>
        <name>zoomed_width</name>
        <briefdescription>
        </briefdescription>
        <detaileddescription>
        </detaileddescription>
        <inbodydescription>
        </inbodydescription>
        <location file="/home/billyzheng/f1tenth_gym/gym/f110_gym/envs/rendering.py" line="80" column="1" bodyfile="/home/billyzheng/f1tenth_gym/gym/f110_gym/envs/rendering.py" bodystart="80" bodyend="-1"/>
      </memberdef>
      <memberdef kind="variable" id="classf110__gym_1_1envs_1_1rendering_1_1_env_renderer_1a769be9782b9452fd8c3c1984985e419b" prot="public" static="no" mutable="no">
        <type></type>
        <definition>f110_gym.envs.rendering.EnvRenderer::zoomed_height</definition>
        <argsstring></argsstring>
        <name>zoomed_height</name>
        <briefdescription>
        </briefdescription>
        <detaileddescription>
        </detaileddescription>
        <inbodydescription>
        </inbodydescription>
        <location file="/home/billyzheng/f1tenth_gym/gym/f110_gym/envs/rendering.py" line="81" column="1" bodyfile="/home/billyzheng/f1tenth_gym/gym/f110_gym/envs/rendering.py" bodystart="81" bodyend="-1"/>
      </memberdef>
      <memberdef kind="variable" id="classf110__gym_1_1envs_1_1rendering_1_1_env_renderer_1a0f6f622b6ffe98f7ee038c2ce72af276" prot="public" static="no" mutable="no">
        <type></type>
        <definition>f110_gym.envs.rendering.EnvRenderer::batch</definition>
        <argsstring></argsstring>
        <name>batch</name>
        <briefdescription>
        </briefdescription>
        <detaileddescription>
        </detaileddescription>
        <inbodydescription>
        </inbodydescription>
        <location file="/home/billyzheng/f1tenth_gym/gym/f110_gym/envs/rendering.py" line="84" column="1" bodyfile="/home/billyzheng/f1tenth_gym/gym/f110_gym/envs/rendering.py" bodystart="84" bodyend="-1"/>
      </memberdef>
      <memberdef kind="variable" id="classf110__gym_1_1envs_1_1rendering_1_1_env_renderer_1ae423459dd9ee2da53cf7929e4591e366" prot="public" static="no" mutable="no">
        <type></type>
        <definition>f110_gym.envs.rendering.EnvRenderer::map_points</definition>
        <argsstring></argsstring>
        <name>map_points</name>
        <briefdescription>
        </briefdescription>
        <detaileddescription>
        </detaileddescription>
        <inbodydescription>
        </inbodydescription>
        <location file="/home/billyzheng/f1tenth_gym/gym/f110_gym/envs/rendering.py" line="87" column="1" bodyfile="/home/billyzheng/f1tenth_gym/gym/f110_gym/envs/rendering.py" bodystart="87" bodyend="-1"/>
      </memberdef>
      <memberdef kind="variable" id="classf110__gym_1_1envs_1_1rendering_1_1_env_renderer_1a227e60c781a0e50f827ea2f4f11a3f85" prot="public" static="no" mutable="no">
        <type></type>
        <definition>f110_gym.envs.rendering.EnvRenderer::poses</definition>
        <argsstring></argsstring>
        <name>poses</name>
        <briefdescription>
        </briefdescription>
        <detaileddescription>
        </detaileddescription>
        <inbodydescription>
        </inbodydescription>
        <location file="/home/billyzheng/f1tenth_gym/gym/f110_gym/envs/rendering.py" line="90" column="1" bodyfile="/home/billyzheng/f1tenth_gym/gym/f110_gym/envs/rendering.py" bodystart="90" bodyend="-1"/>
      </memberdef>
      <memberdef kind="variable" id="classf110__gym_1_1envs_1_1rendering_1_1_env_renderer_1a8a458f2ce6a733888d1a6bfaab243f31" prot="public" static="no" mutable="no">
        <type></type>
        <definition>f110_gym.envs.rendering.EnvRenderer::vertices</definition>
        <argsstring></argsstring>
        <name>vertices</name>
        <briefdescription>
        </briefdescription>
        <detaileddescription>
        </detaileddescription>
        <inbodydescription>
        </inbodydescription>
        <location file="/home/billyzheng/f1tenth_gym/gym/f110_gym/envs/rendering.py" line="93" column="1" bodyfile="/home/billyzheng/f1tenth_gym/gym/f110_gym/envs/rendering.py" bodystart="93" bodyend="-1"/>
      </memberdef>
      <memberdef kind="variable" id="classf110__gym_1_1envs_1_1rendering_1_1_env_renderer_1ad3328a46ae8641dc60b24d53219ffcb3" prot="public" static="no" mutable="no">
        <type></type>
        <definition>f110_gym.envs.rendering.EnvRenderer::score_label</definition>
        <argsstring></argsstring>
        <name>score_label</name>
        <briefdescription>
        </briefdescription>
        <detaileddescription>
        </detaileddescription>
        <inbodydescription>
        </inbodydescription>
        <location file="/home/billyzheng/f1tenth_gym/gym/f110_gym/envs/rendering.py" line="96" column="1" bodyfile="/home/billyzheng/f1tenth_gym/gym/f110_gym/envs/rendering.py" bodystart="96" bodyend="-1"/>
      </memberdef>
      <memberdef kind="variable" id="classf110__gym_1_1envs_1_1rendering_1_1_env_renderer_1a2ecadd7a3ea2a4525bd7b0b4d362db81" prot="public" static="no" mutable="no">
        <type></type>
        <definition>f110_gym.envs.rendering.EnvRenderer::fps_display</definition>
        <argsstring></argsstring>
        <name>fps_display</name>
        <briefdescription>
        </briefdescription>
        <detaileddescription>
        </detaileddescription>
        <inbodydescription>
        </inbodydescription>
        <location file="/home/billyzheng/f1tenth_gym/gym/f110_gym/envs/rendering.py" line="109" column="1" bodyfile="/home/billyzheng/f1tenth_gym/gym/f110_gym/envs/rendering.py" bodystart="109" bodyend="-1"/>
      </memberdef>
      <memberdef kind="variable" id="classf110__gym_1_1envs_1_1rendering_1_1_env_renderer_1ad2c50c6e7d890771c7173768b6eef5c2" prot="public" static="no" mutable="no">
        <type></type>
        <definition>f110_gym.envs.rendering.EnvRenderer::ego_idx</definition>
        <argsstring></argsstring>
        <name>ego_idx</name>
        <briefdescription>
        </briefdescription>
        <detaileddescription>
        </detaileddescription>
        <inbodydescription>
        </inbodydescription>
        <location file="/home/billyzheng/f1tenth_gym/gym/f110_gym/envs/rendering.py" line="309" column="1" bodyfile="/home/billyzheng/f1tenth_gym/gym/f110_gym/envs/rendering.py" bodystart="309" bodyend="-1"/>
      </memberdef>
      <memberdef kind="variable" id="classf110__gym_1_1envs_1_1rendering_1_1_env_renderer_1a4d90f610c36a7c83b054a2233276f36a" prot="public" static="no" mutable="no">
        <type></type>
        <definition>f110_gym.envs.rendering.EnvRenderer::cars</definition>
        <argsstring></argsstring>
        <name>cars</name>
        <briefdescription>
        </briefdescription>
        <detaileddescription>
        </detaileddescription>
        <inbodydescription>
        </inbodydescription>
        <location file="/home/billyzheng/f1tenth_gym/gym/f110_gym/envs/rendering.py" line="316" column="1" bodyfile="/home/billyzheng/f1tenth_gym/gym/f110_gym/envs/rendering.py" bodystart="316" bodyend="-1"/>
      </memberdef>
      </sectiondef>
      <sectiondef kind="public-func">
      <memberdef kind="function" id="classf110__gym_1_1envs_1_1rendering_1_1_env_renderer_1a1b24abdbb4d13744255ebfdb3d509354" prot="public" static="no" const="no" explicit="no" inline="no" virt="non-virtual">
        <type>def</type>
        <definition>def f110_gym.envs.rendering.EnvRenderer.__init__</definition>
        <argsstring>(self, width, height, *args, **kwargs)</argsstring>
        <name>__init__</name>
        <param>
          <type>self</type>
          <defname>self</defname>
        </param>
        <param>
          <type>width</type>
          <defname>width</defname>
        </param>
        <param>
          <type>height</type>
          <defname>height</defname>
        </param>
        <param>
          <type>*</type>
          <declname>args</declname>
        </param>
        <param>
          <type>**</type>
          <declname>kwargs</declname>
        </param>
        <briefdescription>
        </briefdescription>
        <detaileddescription>
<para><verbatim>Class constructor

Args:
    width (int): width of the window
    height (int): height of the window

Returns:
    None
</verbatim> </para>
        </detaileddescription>
        <inbodydescription>
        </inbodydescription>
        <location file="/home/billyzheng/f1tenth_gym/gym/f110_gym/envs/rendering.py" line="54" column="1" bodyfile="/home/billyzheng/f1tenth_gym/gym/f110_gym/envs/rendering.py" bodystart="54" bodyend="110"/>
      </memberdef>
      <memberdef kind="function" id="classf110__gym_1_1envs_1_1rendering_1_1_env_renderer_1ae9c12c08c2f799504b6390b2d0ffda3f" prot="public" static="no" const="no" explicit="no" inline="no" virt="non-virtual">
        <type>def</type>
        <definition>def f110_gym.envs.rendering.EnvRenderer.update_map</definition>
        <argsstring>(self, map_path, map_ext)</argsstring>
        <name>update_map</name>
        <param>
          <type>self</type>
          <defname>self</defname>
        </param>
        <param>
          <type>map_path</type>
          <defname>map_path</defname>
        </param>
        <param>
          <type>map_ext</type>
          <defname>map_ext</defname>
        </param>
        <briefdescription>
        </briefdescription>
        <detaileddescription>
<para><verbatim>Update the map being drawn by the renderer. Converts image to a list of 3D points representing each obstacle pixel in the map.

Args:
    map_path (str): absolute path to the map without extensions
    map_ext (str): extension for the map image file

Returns:
    None
</verbatim> </para>
        </detaileddescription>
        <inbodydescription>
        </inbodydescription>
        <location file="/home/billyzheng/f1tenth_gym/gym/f110_gym/envs/rendering.py" line="111" column="1" bodyfile="/home/billyzheng/f1tenth_gym/gym/f110_gym/envs/rendering.py" bodystart="111" bodyend="155"/>
      </memberdef>
      <memberdef kind="function" id="classf110__gym_1_1envs_1_1rendering_1_1_env_renderer_1ac8bbef5b8910515dd18c8a6624730898" prot="public" static="no" const="no" explicit="no" inline="no" virt="non-virtual">
        <type>def</type>
        <definition>def f110_gym.envs.rendering.EnvRenderer.on_resize</definition>
        <argsstring>(self, width, height)</argsstring>
        <name>on_resize</name>
        <param>
          <type>self</type>
          <defname>self</defname>
        </param>
        <param>
          <type>width</type>
          <defname>width</defname>
        </param>
        <param>
          <type>height</type>
          <defname>height</defname>
        </param>
        <briefdescription>
        </briefdescription>
        <detaileddescription>
<para><verbatim>Callback function on window resize, overrides inherited method, and updates camera values on top of the inherited on_resize() method.

Potential improvements on current behavior: zoom/pan resets on window resize.

Args:
    width (int): new width of window
    height (int): new height of window

Returns:
    None
</verbatim> </para>
        </detaileddescription>
        <inbodydescription>
        </inbodydescription>
        <location file="/home/billyzheng/f1tenth_gym/gym/f110_gym/envs/rendering.py" line="156" column="1" bodyfile="/home/billyzheng/f1tenth_gym/gym/f110_gym/envs/rendering.py" bodystart="156" bodyend="181"/>
      </memberdef>
      <memberdef kind="function" id="classf110__gym_1_1envs_1_1rendering_1_1_env_renderer_1a557710400bb370a7509dbc17658eadd8" prot="public" static="no" const="no" explicit="no" inline="no" virt="non-virtual">
        <type>def</type>
        <definition>def f110_gym.envs.rendering.EnvRenderer.on_mouse_drag</definition>
        <argsstring>(self, x, y, dx, dy, buttons, modifiers)</argsstring>
        <name>on_mouse_drag</name>
        <param>
          <type>self</type>
          <defname>self</defname>
        </param>
        <param>
          <type>x</type>
          <defname>x</defname>
        </param>
        <param>
          <type>y</type>
          <defname>y</defname>
        </param>
        <param>
          <type>dx</type>
          <defname>dx</defname>
        </param>
        <param>
          <type>dy</type>
          <defname>dy</defname>
        </param>
        <param>
          <type>buttons</type>
          <defname>buttons</defname>
        </param>
        <param>
          <type>modifiers</type>
          <defname>modifiers</defname>
        </param>
        <briefdescription>
        </briefdescription>
        <detaileddescription>
<para><verbatim>Callback function on mouse drag, overrides inherited method.

Args:
    x (int): Distance in pixels from the left edge of the window.
    y (int): Distance in pixels from the bottom edge of the window.
    dx (int): Relative X position from the previous mouse position.
    dy (int): Relative Y position from the previous mouse position.
    buttons (int): Bitwise combination of the mouse buttons currently pressed.
    modifiers (int): Bitwise combination of any keyboard modifiers currently active.

Returns:
    None
</verbatim> </para>
        </detaileddescription>
        <inbodydescription>
        </inbodydescription>
        <location file="/home/billyzheng/f1tenth_gym/gym/f110_gym/envs/rendering.py" line="182" column="1" bodyfile="/home/billyzheng/f1tenth_gym/gym/f110_gym/envs/rendering.py" bodystart="182" bodyend="203"/>
      </memberdef>
      <memberdef kind="function" id="classf110__gym_1_1envs_1_1rendering_1_1_env_renderer_1a10f7c38d921015b5574ba0c858a245bb" prot="public" static="no" const="no" explicit="no" inline="no" virt="non-virtual">
        <type>def</type>
        <definition>def f110_gym.envs.rendering.EnvRenderer.on_mouse_scroll</definition>
        <argsstring>(self, x, y, dx, dy)</argsstring>
        <name>on_mouse_scroll</name>
        <param>
          <type>self</type>
          <defname>self</defname>
        </param>
        <param>
          <type>x</type>
          <defname>x</defname>
        </param>
        <param>
          <type>y</type>
          <defname>y</defname>
        </param>
        <param>
          <type>dx</type>
          <defname>dx</defname>
        </param>
        <param>
          <type>dy</type>
          <defname>dy</defname>
        </param>
        <briefdescription>
        </briefdescription>
        <detaileddescription>
<para><verbatim>Callback function on mouse scroll, overrides inherited method.

Args:
    x (int): Distance in pixels from the left edge of the window.
    y (int): Distance in pixels from the bottom edge of the window.
    scroll_x (float): Amount of movement on the horizontal axis.
    scroll_y (float): Amount of movement on the vertical axis.

Returns:
    None
</verbatim> </para>
        </detaileddescription>
        <inbodydescription>
        </inbodydescription>
        <location file="/home/billyzheng/f1tenth_gym/gym/f110_gym/envs/rendering.py" line="204" column="1" bodyfile="/home/billyzheng/f1tenth_gym/gym/f110_gym/envs/rendering.py" bodystart="204" bodyend="241"/>
      </memberdef>
      <memberdef kind="function" id="classf110__gym_1_1envs_1_1rendering_1_1_env_renderer_1a05cb0faf5893e3cbed58cf20d0997bf7" prot="public" static="no" const="no" explicit="no" inline="no" virt="non-virtual">
        <type>def</type>
        <definition>def f110_gym.envs.rendering.EnvRenderer.on_close</definition>
        <argsstring>(self)</argsstring>
        <name>on_close</name>
        <param>
          <type>self</type>
          <defname>self</defname>
        </param>
        <briefdescription>
        </briefdescription>
        <detaileddescription>
<para><verbatim>Callback function when the &apos;x&apos; is clicked on the window, overrides inherited method. Also throws exception to end the python program when in a loop.

Args:
    None

Returns:
    None

Raises:
    Exception: with a message that indicates the rendering window was closed
</verbatim> </para>
        </detaileddescription>
        <inbodydescription>
        </inbodydescription>
        <location file="/home/billyzheng/f1tenth_gym/gym/f110_gym/envs/rendering.py" line="242" column="1" bodyfile="/home/billyzheng/f1tenth_gym/gym/f110_gym/envs/rendering.py" bodystart="242" bodyend="258"/>
      </memberdef>
      <memberdef kind="function" id="classf110__gym_1_1envs_1_1rendering_1_1_env_renderer_1a0cbcdabef2cdda765d6721ca796ecfd0" prot="public" static="no" const="no" explicit="no" inline="no" virt="non-virtual">
        <type>def</type>
        <definition>def f110_gym.envs.rendering.EnvRenderer.on_draw</definition>
        <argsstring>(self)</argsstring>
        <name>on_draw</name>
        <param>
          <type>self</type>
          <defname>self</defname>
        </param>
        <briefdescription>
        </briefdescription>
        <detaileddescription>
<para><verbatim>Function when the pyglet is drawing. The function draws the batch created that includes the map points, the agent polygons, and the information text, and the fps display.

Args:
    None

Returns:
    None
</verbatim> </para>
        </detaileddescription>
        <inbodydescription>
        </inbodydescription>
        <location file="/home/billyzheng/f1tenth_gym/gym/f110_gym/envs/rendering.py" line="259" column="1" bodyfile="/home/billyzheng/f1tenth_gym/gym/f110_gym/envs/rendering.py" bodystart="259" bodyend="297"/>
      </memberdef>
      <memberdef kind="function" id="classf110__gym_1_1envs_1_1rendering_1_1_env_renderer_1a1b9284f2e59c9000f10bd18e1ec6a9b3" prot="public" static="no" const="no" explicit="no" inline="no" virt="non-virtual">
        <type>def</type>
        <definition>def f110_gym.envs.rendering.EnvRenderer.update_obs</definition>
        <argsstring>(self, obs)</argsstring>
        <name>update_obs</name>
        <param>
          <type>self</type>
          <defname>self</defname>
        </param>
        <param>
          <type>obs</type>
          <defname>obs</defname>
        </param>
        <briefdescription>
        </briefdescription>
        <detaileddescription>
<para><verbatim>Updates the renderer with the latest observation from the gym environment, including the agent poses, and the information text.

Args:
    obs (dict): observation dict from the gym env

Returns:
    None
</verbatim> </para>
        </detaileddescription>
        <inbodydescription>
        </inbodydescription>
        <location file="/home/billyzheng/f1tenth_gym/gym/f110_gym/envs/rendering.py" line="298" column="1" bodyfile="/home/billyzheng/f1tenth_gym/gym/f110_gym/envs/rendering.py" bodystart="298" bodyend="336"/>
      </memberdef>
      </sectiondef>
    <briefdescription>
    </briefdescription>
    <detaileddescription>
<para><verbatim>A window class inherited from pyglet.window.Window, handles the camera/projection interaction, resizing window, and rendering the environment
</verbatim> </para>
    </detaileddescription>
    <inheritancegraph>
      <node id="2">
        <label>Window</label>
      </node>
      <node id="1">
        <label>f110_gym.envs.rendering.EnvRenderer</label>
        <link refid="classf110__gym_1_1envs_1_1rendering_1_1_env_renderer"/>
        <childnode refid="2" relation="public-inheritance">
        </childnode>
      </node>
    </inheritancegraph>
    <collaborationgraph>
      <node id="2">
        <label>Window</label>
      </node>
      <node id="1">
        <label>f110_gym.envs.rendering.EnvRenderer</label>
        <link refid="classf110__gym_1_1envs_1_1rendering_1_1_env_renderer"/>
        <childnode refid="2" relation="public-inheritance">
        </childnode>
      </node>
    </collaborationgraph>
    <location file="/home/billyzheng/f1tenth_gym/gym/f110_gym/envs/rendering.py" line="50" column="1" bodyfile="/home/billyzheng/f1tenth_gym/gym/f110_gym/envs/rendering.py" bodystart="50" bodyend="336"/>
    <listofallmembers>
      <member refid="classf110__gym_1_1envs_1_1rendering_1_1_env_renderer_1a1b24abdbb4d13744255ebfdb3d509354" prot="public" virt="non-virtual"><scope>f110_gym::envs::rendering::EnvRenderer</scope><name>__init__</name></member>
      <member refid="classf110__gym_1_1envs_1_1rendering_1_1_env_renderer_1a0f6f622b6ffe98f7ee038c2ce72af276" prot="public" virt="non-virtual"><scope>f110_gym::envs::rendering::EnvRenderer</scope><name>batch</name></member>
      <member refid="classf110__gym_1_1envs_1_1rendering_1_1_env_renderer_1ab6f1d3bbdf185a2489a9c444413e72b6" prot="public" virt="non-virtual"><scope>f110_gym::envs::rendering::EnvRenderer</scope><name>bottom</name></member>
      <member refid="classf110__gym_1_1envs_1_1rendering_1_1_env_renderer_1a4d90f610c36a7c83b054a2233276f36a" prot="public" virt="non-virtual"><scope>f110_gym::envs::rendering::EnvRenderer</scope><name>cars</name></member>
      <member refid="classf110__gym_1_1envs_1_1rendering_1_1_env_renderer_1ad2c50c6e7d890771c7173768b6eef5c2" prot="public" virt="non-virtual"><scope>f110_gym::envs::rendering::EnvRenderer</scope><name>ego_idx</name></member>
      <member refid="classf110__gym_1_1envs_1_1rendering_1_1_env_renderer_1a2ecadd7a3ea2a4525bd7b0b4d362db81" prot="public" virt="non-virtual"><scope>f110_gym::envs::rendering::EnvRenderer</scope><name>fps_display</name></member>
      <member refid="classf110__gym_1_1envs_1_1rendering_1_1_env_renderer_1a10e0980201fca6f3392fc5c333a6ad99" prot="public" virt="non-virtual"><scope>f110_gym::envs::rendering::EnvRenderer</scope><name>left</name></member>
      <member refid="classf110__gym_1_1envs_1_1rendering_1_1_env_renderer_1ae423459dd9ee2da53cf7929e4591e366" prot="public" virt="non-virtual"><scope>f110_gym::envs::rendering::EnvRenderer</scope><name>map_points</name></member>
      <member refid="classf110__gym_1_1envs_1_1rendering_1_1_env_renderer_1a05cb0faf5893e3cbed58cf20d0997bf7" prot="public" virt="non-virtual"><scope>f110_gym::envs::rendering::EnvRenderer</scope><name>on_close</name></member>
      <member refid="classf110__gym_1_1envs_1_1rendering_1_1_env_renderer_1a0cbcdabef2cdda765d6721ca796ecfd0" prot="public" virt="non-virtual"><scope>f110_gym::envs::rendering::EnvRenderer</scope><name>on_draw</name></member>
      <member refid="classf110__gym_1_1envs_1_1rendering_1_1_env_renderer_1a557710400bb370a7509dbc17658eadd8" prot="public" virt="non-virtual"><scope>f110_gym::envs::rendering::EnvRenderer</scope><name>on_mouse_drag</name></member>
      <member refid="classf110__gym_1_1envs_1_1rendering_1_1_env_renderer_1a10f7c38d921015b5574ba0c858a245bb" prot="public" virt="non-virtual"><scope>f110_gym::envs::rendering::EnvRenderer</scope><name>on_mouse_scroll</name></member>
      <member refid="classf110__gym_1_1envs_1_1rendering_1_1_env_renderer_1ac8bbef5b8910515dd18c8a6624730898" prot="public" virt="non-virtual"><scope>f110_gym::envs::rendering::EnvRenderer</scope><name>on_resize</name></member>
      <member refid="classf110__gym_1_1envs_1_1rendering_1_1_env_renderer_1a227e60c781a0e50f827ea2f4f11a3f85" prot="public" virt="non-virtual"><scope>f110_gym::envs::rendering::EnvRenderer</scope><name>poses</name></member>
      <member refid="classf110__gym_1_1envs_1_1rendering_1_1_env_renderer_1acb665a6f4d150da3b2159b1cd86f4117" prot="public" virt="non-virtual"><scope>f110_gym::envs::rendering::EnvRenderer</scope><name>right</name></member>
      <member refid="classf110__gym_1_1envs_1_1rendering_1_1_env_renderer_1ad3328a46ae8641dc60b24d53219ffcb3" prot="public" virt="non-virtual"><scope>f110_gym::envs::rendering::EnvRenderer</scope><name>score_label</name></member>
      <member refid="classf110__gym_1_1envs_1_1rendering_1_1_env_renderer_1a6e8e1a6e3f6c1f681f0fcbe6c04ffc27" prot="public" virt="non-virtual"><scope>f110_gym::envs::rendering::EnvRenderer</scope><name>top</name></member>
      <member refid="classf110__gym_1_1envs_1_1rendering_1_1_env_renderer_1ae9c12c08c2f799504b6390b2d0ffda3f" prot="public" virt="non-virtual"><scope>f110_gym::envs::rendering::EnvRenderer</scope><name>update_map</name></member>
      <member refid="classf110__gym_1_1envs_1_1rendering_1_1_env_renderer_1a1b9284f2e59c9000f10bd18e1ec6a9b3" prot="public" virt="non-virtual"><scope>f110_gym::envs::rendering::EnvRenderer</scope><name>update_obs</name></member>
      <member refid="classf110__gym_1_1envs_1_1rendering_1_1_env_renderer_1a8a458f2ce6a733888d1a6bfaab243f31" prot="public" virt="non-virtual"><scope>f110_gym::envs::rendering::EnvRenderer</scope><name>vertices</name></member>
      <member refid="classf110__gym_1_1envs_1_1rendering_1_1_env_renderer_1a46bb51fb7c77939d2c4b023cfe2ca867" prot="public" virt="non-virtual"><scope>f110_gym::envs::rendering::EnvRenderer</scope><name>zoom_level</name></member>
      <member refid="classf110__gym_1_1envs_1_1rendering_1_1_env_renderer_1a769be9782b9452fd8c3c1984985e419b" prot="public" virt="non-virtual"><scope>f110_gym::envs::rendering::EnvRenderer</scope><name>zoomed_height</name></member>
      <member refid="classf110__gym_1_1envs_1_1rendering_1_1_env_renderer_1af71d3702c2e9fa5e8e109111b4a337ce" prot="public" virt="non-virtual"><scope>f110_gym::envs::rendering::EnvRenderer</scope><name>zoomed_width</name></member>
    </listofallmembers>
  </compounddef>
</doxygen>
