<?xml version='1.0' encoding='UTF-8' standalone='no'?>
<doxygen xmlns:xsi="http://www.w3.org/2001/XMLSchema-instance" xsi:noNamespaceSchemaLocation="compound.xsd" version="1.8.17">
  <compounddef id="classf110__gym_1_1envs_1_1base__classes_1_1_simulator" kind="class" language="Python" prot="public">
    <compoundname>f110_gym::envs::base_classes::Simulator</compoundname>
    <basecompoundref prot="public" virt="non-virtual">object</basecompoundref>
      <sectiondef kind="public-attrib">
      <memberdef kind="variable" id="classf110__gym_1_1envs_1_1base__classes_1_1_simulator_1ad99c964e6df64e8264ab729be118aa8c" prot="public" static="no" mutable="no">
        <type></type>
        <definition>f110_gym.envs.base_classes.Simulator::num_agents</definition>
        <argsstring></argsstring>
        <name>num_agents</name>
        <briefdescription>
        </briefdescription>
        <detaileddescription>
        </detaileddescription>
        <inbodydescription>
        </inbodydescription>
        <location file="/home/billyzheng/f1tenth_gym/gym/f110_gym/envs/base_classes.py" line="348" column="1" bodyfile="/home/billyzheng/f1tenth_gym/gym/f110_gym/envs/base_classes.py" bodystart="348" bodyend="-1"/>
      </memberdef>
      <memberdef kind="variable" id="classf110__gym_1_1envs_1_1base__classes_1_1_simulator_1aab539724143dd42fca12ec1d6043c984" prot="public" static="no" mutable="no">
        <type></type>
        <definition>f110_gym.envs.base_classes.Simulator::time_step</definition>
        <argsstring></argsstring>
        <name>time_step</name>
        <briefdescription>
        </briefdescription>
        <detaileddescription>
        </detaileddescription>
        <inbodydescription>
        </inbodydescription>
        <location file="/home/billyzheng/f1tenth_gym/gym/f110_gym/envs/base_classes.py" line="349" column="1" bodyfile="/home/billyzheng/f1tenth_gym/gym/f110_gym/envs/base_classes.py" bodystart="349" bodyend="-1"/>
      </memberdef>
      <memberdef kind="variable" id="classf110__gym_1_1envs_1_1base__classes_1_1_simulator_1a08fd902fa242da70c1bcf34a1fe80802" prot="public" static="no" mutable="no">
        <type></type>
        <definition>f110_gym.envs.base_classes.Simulator::ego_idx</definition>
        <argsstring></argsstring>
        <name>ego_idx</name>
        <briefdescription>
        </briefdescription>
        <detaileddescription>
        </detaileddescription>
        <inbodydescription>
        </inbodydescription>
        <location file="/home/billyzheng/f1tenth_gym/gym/f110_gym/envs/base_classes.py" line="350" column="1" bodyfile="/home/billyzheng/f1tenth_gym/gym/f110_gym/envs/base_classes.py" bodystart="350" bodyend="-1"/>
      </memberdef>
      <memberdef kind="variable" id="classf110__gym_1_1envs_1_1base__classes_1_1_simulator_1a877c852c32ff108df0ff6bfa2ab3bf6f" prot="public" static="no" mutable="no">
        <type></type>
        <definition>f110_gym.envs.base_classes.Simulator::params</definition>
        <argsstring></argsstring>
        <name>params</name>
        <briefdescription>
        </briefdescription>
        <detaileddescription>
        </detaileddescription>
        <inbodydescription>
        </inbodydescription>
        <location file="/home/billyzheng/f1tenth_gym/gym/f110_gym/envs/base_classes.py" line="351" column="1" bodyfile="/home/billyzheng/f1tenth_gym/gym/f110_gym/envs/base_classes.py" bodystart="351" bodyend="-1"/>
      </memberdef>
      <memberdef kind="variable" id="classf110__gym_1_1envs_1_1base__classes_1_1_simulator_1ade120757dde31d2130e4b0f9b01e3a7d" prot="public" static="no" mutable="no">
        <type></type>
        <definition>f110_gym.envs.base_classes.Simulator::agent_poses</definition>
        <argsstring></argsstring>
        <name>agent_poses</name>
        <briefdescription>
        </briefdescription>
        <detaileddescription>
        </detaileddescription>
        <inbodydescription>
        </inbodydescription>
        <location file="/home/billyzheng/f1tenth_gym/gym/f110_gym/envs/base_classes.py" line="352" column="1" bodyfile="/home/billyzheng/f1tenth_gym/gym/f110_gym/envs/base_classes.py" bodystart="352" bodyend="-1"/>
      </memberdef>
      <memberdef kind="variable" id="classf110__gym_1_1envs_1_1base__classes_1_1_simulator_1ae665b35ec7d9ced7de789a02cafdd566" prot="public" static="no" mutable="no">
        <type></type>
        <definition>f110_gym.envs.base_classes.Simulator::agents</definition>
        <argsstring></argsstring>
        <name>agents</name>
        <briefdescription>
        </briefdescription>
        <detaileddescription>
        </detaileddescription>
        <inbodydescription>
        </inbodydescription>
        <location file="/home/billyzheng/f1tenth_gym/gym/f110_gym/envs/base_classes.py" line="353" column="1" bodyfile="/home/billyzheng/f1tenth_gym/gym/f110_gym/envs/base_classes.py" bodystart="353" bodyend="-1"/>
      </memberdef>
      <memberdef kind="variable" id="classf110__gym_1_1envs_1_1base__classes_1_1_simulator_1a2266104910535f06f31c1212e62fde8b" prot="public" static="no" mutable="no">
        <type></type>
        <definition>f110_gym.envs.base_classes.Simulator::collisions</definition>
        <argsstring></argsstring>
        <name>collisions</name>
        <briefdescription>
        </briefdescription>
        <detaileddescription>
        </detaileddescription>
        <inbodydescription>
        </inbodydescription>
        <location file="/home/billyzheng/f1tenth_gym/gym/f110_gym/envs/base_classes.py" line="354" column="1" bodyfile="/home/billyzheng/f1tenth_gym/gym/f110_gym/envs/base_classes.py" bodystart="354" bodyend="-1"/>
      </memberdef>
      <memberdef kind="variable" id="classf110__gym_1_1envs_1_1base__classes_1_1_simulator_1a5d716c6ccd3b649f407560f28bdcd84d" prot="public" static="no" mutable="no">
        <type></type>
        <definition>f110_gym.envs.base_classes.Simulator::collision_idx</definition>
        <argsstring></argsstring>
        <name>collision_idx</name>
        <briefdescription>
        </briefdescription>
        <detaileddescription>
        </detaileddescription>
        <inbodydescription>
        </inbodydescription>
        <location file="/home/billyzheng/f1tenth_gym/gym/f110_gym/envs/base_classes.py" line="355" column="1" bodyfile="/home/billyzheng/f1tenth_gym/gym/f110_gym/envs/base_classes.py" bodystart="355" bodyend="-1"/>
      </memberdef>
      </sectiondef>
      <sectiondef kind="public-func">
      <memberdef kind="function" id="classf110__gym_1_1envs_1_1base__classes_1_1_simulator_1ab865873c6f0afa3741add4f39e5fd872" prot="public" static="no" const="no" explicit="no" inline="no" virt="non-virtual">
        <type>def</type>
        <definition>def f110_gym.envs.base_classes.Simulator.__init__</definition>
        <argsstring>(self, params, num_agents, time_step=0.01, ego_idx=0)</argsstring>
        <name>__init__</name>
        <param>
          <type>self</type>
          <defname>self</defname>
        </param>
        <param>
          <type>params</type>
          <defname>params</defname>
        </param>
        <param>
          <type>num_agents</type>
          <defname>num_agents</defname>
        </param>
        <param>
          <type>time_step</type>
          <defname>time_step</defname>
          <defval>0.01</defval>
        </param>
        <param>
          <type>ego_idx</type>
          <defname>ego_idx</defname>
          <defval>0</defval>
        </param>
        <briefdescription>
        </briefdescription>
        <detaileddescription>
<para><verbatim>Init function

Args:
    params (dict): vehicle parameter dictionary, includes {&apos;mu&apos;, &apos;C_Sf&apos;, &apos;C_Sr&apos;, &apos;lf&apos;, &apos;lr&apos;, &apos;h&apos;, &apos;m&apos;, &apos;I&apos;, &apos;s_min&apos;, &apos;s_max&apos;, &apos;sv_min&apos;, &apos;sv_max&apos;, &apos;v_switch&apos;, &apos;a_max&apos;, &apos;v_min&apos;, &apos;v_max&apos;, &apos;length&apos;, &apos;width&apos;}
    num_agents (int): number of agents in the environment
    time_step (float, default=0.01): physics time step
    ego_idx (int, default=0): ego vehicle&apos;s index in list of agents

Returns:
    None
</verbatim> </para>
        </detaileddescription>
        <inbodydescription>
        </inbodydescription>
        <location file="/home/billyzheng/f1tenth_gym/gym/f110_gym/envs/base_classes.py" line="335" column="1" bodyfile="/home/billyzheng/f1tenth_gym/gym/f110_gym/envs/base_classes.py" bodystart="335" bodyend="365"/>
      </memberdef>
      <memberdef kind="function" id="classf110__gym_1_1envs_1_1base__classes_1_1_simulator_1a0a566351f20a16b7545fcd20ca9adb57" prot="public" static="no" const="no" explicit="no" inline="no" virt="non-virtual">
        <type>def</type>
        <definition>def f110_gym.envs.base_classes.Simulator.set_map</definition>
        <argsstring>(self, map_path, map_ext)</argsstring>
        <name>set_map</name>
        <param>
          <type>self</type>
          <defname>self</defname>
        </param>
        <param>
          <type>map_path</type>
          <defname>map_path</defname>
        </param>
        <param>
          <type>map_ext</type>
          <defname>map_ext</defname>
        </param>
        <briefdescription>
        </briefdescription>
        <detaileddescription>
<para><verbatim>Sets the map of the environment and sets the map for scan simulator of each agent

Args:
    map_path (str): path to the map yaml file
    map_ext (str): extension for the map image file

Returns:
    None
</verbatim> </para>
        </detaileddescription>
        <inbodydescription>
        </inbodydescription>
        <location file="/home/billyzheng/f1tenth_gym/gym/f110_gym/envs/base_classes.py" line="366" column="1" bodyfile="/home/billyzheng/f1tenth_gym/gym/f110_gym/envs/base_classes.py" bodystart="366" bodyend="380"/>
      </memberdef>
      <memberdef kind="function" id="classf110__gym_1_1envs_1_1base__classes_1_1_simulator_1a974c58957a6b14582149d704ef28a68c" prot="public" static="no" const="no" explicit="no" inline="no" virt="non-virtual">
        <type>def</type>
        <definition>def f110_gym.envs.base_classes.Simulator.update_params</definition>
        <argsstring>(self, params, agent_idx=-1)</argsstring>
        <name>update_params</name>
        <param>
          <type>self</type>
          <defname>self</defname>
        </param>
        <param>
          <type>params</type>
          <defname>params</defname>
        </param>
        <param>
          <type>agent_idx</type>
          <defname>agent_idx</defname>
          <defval>-1</defval>
        </param>
        <briefdescription>
        </briefdescription>
        <detaileddescription>
<para><verbatim>Updates the params of agents, if an index of an agent is given, update only that agent&apos;s params

Args:
    params (dict): dictionary of params, see details in docstring of __init__
    agent_idx (int, default=-1): index for agent that needs param update, if negative, update all agents

Returns:
    None
</verbatim> </para>
        </detaileddescription>
        <inbodydescription>
        </inbodydescription>
        <location file="/home/billyzheng/f1tenth_gym/gym/f110_gym/envs/base_classes.py" line="381" column="1" bodyfile="/home/billyzheng/f1tenth_gym/gym/f110_gym/envs/base_classes.py" bodystart="381" bodyend="402"/>
      </memberdef>
      <memberdef kind="function" id="classf110__gym_1_1envs_1_1base__classes_1_1_simulator_1a7f32c68e14bf47447ce9599c8db21236" prot="public" static="no" const="no" explicit="no" inline="no" virt="non-virtual">
        <type>def</type>
        <definition>def f110_gym.envs.base_classes.Simulator.check_collision</definition>
        <argsstring>(self)</argsstring>
        <name>check_collision</name>
        <param>
          <type>self</type>
          <defname>self</defname>
        </param>
        <briefdescription>
        </briefdescription>
        <detaileddescription>
<para><verbatim>Checks for collision between agents using GJK and agents&apos; body vertices

Args:
    None

Returns:
    None
</verbatim> </para>
        </detaileddescription>
        <inbodydescription>
        </inbodydescription>
        <location file="/home/billyzheng/f1tenth_gym/gym/f110_gym/envs/base_classes.py" line="403" column="1" bodyfile="/home/billyzheng/f1tenth_gym/gym/f110_gym/envs/base_classes.py" bodystart="403" bodyend="419"/>
      </memberdef>
      <memberdef kind="function" id="classf110__gym_1_1envs_1_1base__classes_1_1_simulator_1af1fb175457362d7419301180b1b3b4c6" prot="public" static="no" const="no" explicit="no" inline="no" virt="non-virtual">
        <type>def</type>
        <definition>def f110_gym.envs.base_classes.Simulator.step</definition>
        <argsstring>(self, control_inputs)</argsstring>
        <name>step</name>
        <param>
          <type>self</type>
          <defname>self</defname>
        </param>
        <param>
          <type>control_inputs</type>
          <defname>control_inputs</defname>
        </param>
        <briefdescription>
        </briefdescription>
        <detaileddescription>
<para><verbatim>Steps the simulation environment

Args:
    control_inputs (np.ndarray (num_agents, 2)): control inputs of all agents, first column is desired steering angle, second column is desired velocity

Returns:
    observations (dict): dictionary for observations: poses of agents, current laser scan of each agent, collision indicators, etc.
</verbatim> </para>
        </detaileddescription>
        <inbodydescription>
        </inbodydescription>
        <location file="/home/billyzheng/f1tenth_gym/gym/f110_gym/envs/base_classes.py" line="420" column="1" bodyfile="/home/billyzheng/f1tenth_gym/gym/f110_gym/envs/base_classes.py" bodystart="420" bodyend="477"/>
      </memberdef>
      <memberdef kind="function" id="classf110__gym_1_1envs_1_1base__classes_1_1_simulator_1ab63c655ff0cd1bb2accce7be9fff69e8" prot="public" static="no" const="no" explicit="no" inline="no" virt="non-virtual">
        <type>def</type>
        <definition>def f110_gym.envs.base_classes.Simulator.reset</definition>
        <argsstring>(self, poses)</argsstring>
        <name>reset</name>
        <param>
          <type>self</type>
          <defname>self</defname>
        </param>
        <param>
          <type>poses</type>
          <defname>poses</defname>
        </param>
        <briefdescription>
        </briefdescription>
        <detaileddescription>
<para><verbatim>Resets the simulation environment by given poses

Arges:
    poses (np.ndarray (num_agents, 3)): poses to reset agents to

Returns:
    None
</verbatim> </para>
        </detaileddescription>
        <inbodydescription>
        </inbodydescription>
        <location file="/home/billyzheng/f1tenth_gym/gym/f110_gym/envs/base_classes.py" line="478" column="1" bodyfile="/home/billyzheng/f1tenth_gym/gym/f110_gym/envs/base_classes.py" bodystart="478" bodyend="494"/>
      </memberdef>
      </sectiondef>
    <briefdescription>
    </briefdescription>
    <detaileddescription>
<para><verbatim>Simulator class, handles the interaction and update of all vehicles in the environment

Data Members:
    num_agents (int): number of agents in the environment
    time_step (float): physics time step
    agent_poses (np.ndarray(num_agents, 3)): all poses of all agents
    agents (list[RaceCar]): container for RaceCar objects
    collisions (np.ndarray(num_agents, )): array of collision indicator for each agent
    collision_idx (np.ndarray(num_agents, )): which agent is each agent in collision with</verbatim> </para>
    </detaileddescription>
    <inheritancegraph>
      <node id="1">
        <label>f110_gym.envs.base_classes.Simulator</label>
        <link refid="classf110__gym_1_1envs_1_1base__classes_1_1_simulator"/>
        <childnode refid="2" relation="public-inheritance">
        </childnode>
      </node>
      <node id="2">
        <label>object</label>
      </node>
    </inheritancegraph>
    <collaborationgraph>
      <node id="1">
        <label>f110_gym.envs.base_classes.Simulator</label>
        <link refid="classf110__gym_1_1envs_1_1base__classes_1_1_simulator"/>
        <childnode refid="2" relation="public-inheritance">
        </childnode>
      </node>
      <node id="2">
        <label>object</label>
      </node>
    </collaborationgraph>
    <location file="/home/billyzheng/f1tenth_gym/gym/f110_gym/envs/base_classes.py" line="321" column="1" bodyfile="/home/billyzheng/f1tenth_gym/gym/f110_gym/envs/base_classes.py" bodystart="321" bodyend="494"/>
    <listofallmembers>
      <member refid="classf110__gym_1_1envs_1_1base__classes_1_1_simulator_1ab865873c6f0afa3741add4f39e5fd872" prot="public" virt="non-virtual"><scope>f110_gym::envs::base_classes::Simulator</scope><name>__init__</name></member>
      <member refid="classf110__gym_1_1envs_1_1base__classes_1_1_simulator_1ade120757dde31d2130e4b0f9b01e3a7d" prot="public" virt="non-virtual"><scope>f110_gym::envs::base_classes::Simulator</scope><name>agent_poses</name></member>
      <member refid="classf110__gym_1_1envs_1_1base__classes_1_1_simulator_1ae665b35ec7d9ced7de789a02cafdd566" prot="public" virt="non-virtual"><scope>f110_gym::envs::base_classes::Simulator</scope><name>agents</name></member>
      <member refid="classf110__gym_1_1envs_1_1base__classes_1_1_simulator_1a7f32c68e14bf47447ce9599c8db21236" prot="public" virt="non-virtual"><scope>f110_gym::envs::base_classes::Simulator</scope><name>check_collision</name></member>
      <member refid="classf110__gym_1_1envs_1_1base__classes_1_1_simulator_1a5d716c6ccd3b649f407560f28bdcd84d" prot="public" virt="non-virtual"><scope>f110_gym::envs::base_classes::Simulator</scope><name>collision_idx</name></member>
      <member refid="classf110__gym_1_1envs_1_1base__classes_1_1_simulator_1a2266104910535f06f31c1212e62fde8b" prot="public" virt="non-virtual"><scope>f110_gym::envs::base_classes::Simulator</scope><name>collisions</name></member>
      <member refid="classf110__gym_1_1envs_1_1base__classes_1_1_simulator_1a08fd902fa242da70c1bcf34a1fe80802" prot="public" virt="non-virtual"><scope>f110_gym::envs::base_classes::Simulator</scope><name>ego_idx</name></member>
      <member refid="classf110__gym_1_1envs_1_1base__classes_1_1_simulator_1ad99c964e6df64e8264ab729be118aa8c" prot="public" virt="non-virtual"><scope>f110_gym::envs::base_classes::Simulator</scope><name>num_agents</name></member>
      <member refid="classf110__gym_1_1envs_1_1base__classes_1_1_simulator_1a877c852c32ff108df0ff6bfa2ab3bf6f" prot="public" virt="non-virtual"><scope>f110_gym::envs::base_classes::Simulator</scope><name>params</name></member>
      <member refid="classf110__gym_1_1envs_1_1base__classes_1_1_simulator_1ab63c655ff0cd1bb2accce7be9fff69e8" prot="public" virt="non-virtual"><scope>f110_gym::envs::base_classes::Simulator</scope><name>reset</name></member>
      <member refid="classf110__gym_1_1envs_1_1base__classes_1_1_simulator_1a0a566351f20a16b7545fcd20ca9adb57" prot="public" virt="non-virtual"><scope>f110_gym::envs::base_classes::Simulator</scope><name>set_map</name></member>
      <member refid="classf110__gym_1_1envs_1_1base__classes_1_1_simulator_1af1fb175457362d7419301180b1b3b4c6" prot="public" virt="non-virtual"><scope>f110_gym::envs::base_classes::Simulator</scope><name>step</name></member>
      <member refid="classf110__gym_1_1envs_1_1base__classes_1_1_simulator_1aab539724143dd42fca12ec1d6043c984" prot="public" virt="non-virtual"><scope>f110_gym::envs::base_classes::Simulator</scope><name>time_step</name></member>
      <member refid="classf110__gym_1_1envs_1_1base__classes_1_1_simulator_1a974c58957a6b14582149d704ef28a68c" prot="public" virt="non-virtual"><scope>f110_gym::envs::base_classes::Simulator</scope><name>update_params</name></member>
    </listofallmembers>
  </compounddef>
</doxygen>
