<?xml version='1.0' encoding='UTF-8' standalone='no'?>
<doxygen xmlns:xsi="http://www.w3.org/2001/XMLSchema-instance" xsi:noNamespaceSchemaLocation="compound.xsd" version="1.8.17">
  <compounddef id="classf110__gym_1_1envs_1_1f110__env_1_1_f110_env" kind="class" language="Python" prot="public">
    <compoundname>f110_gym::envs::f110_env::F110Env</compoundname>
    <basecompoundref prot="public" virt="non-virtual">Env</basecompoundref>
    <basecompoundref prot="public" virt="non-virtual">EzPickle</basecompoundref>
      <sectiondef kind="public-static-attrib">
      <memberdef kind="variable" id="classf110__gym_1_1envs_1_1f110__env_1_1_f110_env_1aee31e18855f6a73aa5051d7e4d693aa8" prot="public" static="yes" mutable="no">
        <type>dictionary</type>
        <definition>dictionary f110_gym.envs.f110_env.F110Env::metadata</definition>
        <argsstring></argsstring>
        <name>metadata</name>
        <initializer>=  {&apos;render.modes&apos;: [&apos;human&apos;, &apos;human_fast&apos;]}</initializer>
        <briefdescription>
        </briefdescription>
        <detaileddescription>
        </detaileddescription>
        <inbodydescription>
        </inbodydescription>
        <location file="/home/billyzheng/f1tenth_gym/gym/f110_gym/envs/f110_env.py" line="93" column="1" bodyfile="/home/billyzheng/f1tenth_gym/gym/f110_gym/envs/f110_env.py" bodystart="93" bodyend="-1"/>
      </memberdef>
      </sectiondef>
      <sectiondef kind="public-attrib">
      <memberdef kind="variable" id="classf110__gym_1_1envs_1_1f110__env_1_1_f110_env_1a6fbb8c9dad98bbad696936dec9633939" prot="public" static="no" mutable="no">
        <type></type>
        <definition>f110_gym.envs.f110_env.F110Env::map_name</definition>
        <argsstring></argsstring>
        <name>map_name</name>
        <briefdescription>
        </briefdescription>
        <detaileddescription>
        </detaileddescription>
        <inbodydescription>
        </inbodydescription>
        <location file="/home/billyzheng/f1tenth_gym/gym/f110_gym/envs/f110_env.py" line="102" column="1" bodyfile="/home/billyzheng/f1tenth_gym/gym/f110_gym/envs/f110_env.py" bodystart="102" bodyend="-1"/>
      </memberdef>
      <memberdef kind="variable" id="classf110__gym_1_1envs_1_1f110__env_1_1_f110_env_1a584bf97317bbe8d38d8e0136753ded60" prot="public" static="no" mutable="no">
        <type></type>
        <definition>f110_gym.envs.f110_env.F110Env::map_path</definition>
        <argsstring></argsstring>
        <name>map_path</name>
        <briefdescription>
        </briefdescription>
        <detaileddescription>
        </detaileddescription>
        <inbodydescription>
        </inbodydescription>
        <location file="/home/billyzheng/f1tenth_gym/gym/f110_gym/envs/f110_env.py" line="105" column="1" bodyfile="/home/billyzheng/f1tenth_gym/gym/f110_gym/envs/f110_env.py" bodystart="105" bodyend="-1"/>
      </memberdef>
      <memberdef kind="variable" id="classf110__gym_1_1envs_1_1f110__env_1_1_f110_env_1a147cde741845fcded400365a9d495ce3" prot="public" static="no" mutable="no">
        <type></type>
        <definition>f110_gym.envs.f110_env.F110Env::map_ext</definition>
        <argsstring></argsstring>
        <name>map_ext</name>
        <briefdescription>
        </briefdescription>
        <detaileddescription>
        </detaileddescription>
        <inbodydescription>
        </inbodydescription>
        <location file="/home/billyzheng/f1tenth_gym/gym/f110_gym/envs/f110_env.py" line="116" column="1" bodyfile="/home/billyzheng/f1tenth_gym/gym/f110_gym/envs/f110_env.py" bodystart="116" bodyend="-1"/>
      </memberdef>
      <memberdef kind="variable" id="classf110__gym_1_1envs_1_1f110__env_1_1_f110_env_1ab1c1a4b9cb08b685c597b1d40402a479" prot="public" static="no" mutable="no">
        <type></type>
        <definition>f110_gym.envs.f110_env.F110Env::params</definition>
        <argsstring></argsstring>
        <name>params</name>
        <briefdescription>
        </briefdescription>
        <detaileddescription>
        </detaileddescription>
        <inbodydescription>
        </inbodydescription>
        <location file="/home/billyzheng/f1tenth_gym/gym/f110_gym/envs/f110_env.py" line="121" column="1" bodyfile="/home/billyzheng/f1tenth_gym/gym/f110_gym/envs/f110_env.py" bodystart="121" bodyend="-1"/>
      </memberdef>
      <memberdef kind="variable" id="classf110__gym_1_1envs_1_1f110__env_1_1_f110_env_1a4eefdcfd9a5f09eedfad9b27bf6ce45e" prot="public" static="no" mutable="no">
        <type></type>
        <definition>f110_gym.envs.f110_env.F110Env::num_agents</definition>
        <argsstring></argsstring>
        <name>num_agents</name>
        <briefdescription>
        </briefdescription>
        <detaileddescription>
        </detaileddescription>
        <inbodydescription>
        </inbodydescription>
        <location file="/home/billyzheng/f1tenth_gym/gym/f110_gym/envs/f110_env.py" line="127" column="1" bodyfile="/home/billyzheng/f1tenth_gym/gym/f110_gym/envs/f110_env.py" bodystart="127" bodyend="-1"/>
      </memberdef>
      <memberdef kind="variable" id="classf110__gym_1_1envs_1_1f110__env_1_1_f110_env_1abdc8699b0f8fb2412efef070affa8ccb" prot="public" static="no" mutable="no">
        <type></type>
        <definition>f110_gym.envs.f110_env.F110Env::timestep</definition>
        <argsstring></argsstring>
        <name>timestep</name>
        <briefdescription>
        </briefdescription>
        <detaileddescription>
        </detaileddescription>
        <inbodydescription>
        </inbodydescription>
        <location file="/home/billyzheng/f1tenth_gym/gym/f110_gym/envs/f110_env.py" line="132" column="1" bodyfile="/home/billyzheng/f1tenth_gym/gym/f110_gym/envs/f110_env.py" bodystart="132" bodyend="-1"/>
      </memberdef>
      <memberdef kind="variable" id="classf110__gym_1_1envs_1_1f110__env_1_1_f110_env_1aebce8c6c42f258d8c561da27dde0c01b" prot="public" static="no" mutable="no">
        <type></type>
        <definition>f110_gym.envs.f110_env.F110Env::ego_idx</definition>
        <argsstring></argsstring>
        <name>ego_idx</name>
        <briefdescription>
        </briefdescription>
        <detaileddescription>
        </detaileddescription>
        <inbodydescription>
        </inbodydescription>
        <location file="/home/billyzheng/f1tenth_gym/gym/f110_gym/envs/f110_env.py" line="138" column="1" bodyfile="/home/billyzheng/f1tenth_gym/gym/f110_gym/envs/f110_env.py" bodystart="138" bodyend="-1"/>
      </memberdef>
      <memberdef kind="variable" id="classf110__gym_1_1envs_1_1f110__env_1_1_f110_env_1a2496c3576ebb86df560fb09004583527" prot="public" static="no" mutable="no">
        <type></type>
        <definition>f110_gym.envs.f110_env.F110Env::start_thresh</definition>
        <argsstring></argsstring>
        <name>start_thresh</name>
        <briefdescription>
        </briefdescription>
        <detaileddescription>
        </detaileddescription>
        <inbodydescription>
        </inbodydescription>
        <location file="/home/billyzheng/f1tenth_gym/gym/f110_gym/envs/f110_env.py" line="143" column="1" bodyfile="/home/billyzheng/f1tenth_gym/gym/f110_gym/envs/f110_env.py" bodystart="143" bodyend="-1"/>
      </memberdef>
      <memberdef kind="variable" id="classf110__gym_1_1envs_1_1f110__env_1_1_f110_env_1ae83c6ed936fe9e1a542be6b2eb76395c" prot="public" static="no" mutable="no">
        <type></type>
        <definition>f110_gym.envs.f110_env.F110Env::poses_x</definition>
        <argsstring></argsstring>
        <name>poses_x</name>
        <briefdescription>
        </briefdescription>
        <detaileddescription>
        </detaileddescription>
        <inbodydescription>
        </inbodydescription>
        <location file="/home/billyzheng/f1tenth_gym/gym/f110_gym/envs/f110_env.py" line="146" column="1" bodyfile="/home/billyzheng/f1tenth_gym/gym/f110_gym/envs/f110_env.py" bodystart="146" bodyend="-1"/>
      </memberdef>
      <memberdef kind="variable" id="classf110__gym_1_1envs_1_1f110__env_1_1_f110_env_1a03432e028beff28596178dc9236fc4e8" prot="public" static="no" mutable="no">
        <type></type>
        <definition>f110_gym.envs.f110_env.F110Env::poses_y</definition>
        <argsstring></argsstring>
        <name>poses_y</name>
        <briefdescription>
        </briefdescription>
        <detaileddescription>
        </detaileddescription>
        <inbodydescription>
        </inbodydescription>
        <location file="/home/billyzheng/f1tenth_gym/gym/f110_gym/envs/f110_env.py" line="147" column="1" bodyfile="/home/billyzheng/f1tenth_gym/gym/f110_gym/envs/f110_env.py" bodystart="147" bodyend="-1"/>
      </memberdef>
      <memberdef kind="variable" id="classf110__gym_1_1envs_1_1f110__env_1_1_f110_env_1a3ffb6fa7e705c18d5316444488cb649b" prot="public" static="no" mutable="no">
        <type></type>
        <definition>f110_gym.envs.f110_env.F110Env::poses_theta</definition>
        <argsstring></argsstring>
        <name>poses_theta</name>
        <briefdescription>
        </briefdescription>
        <detaileddescription>
        </detaileddescription>
        <inbodydescription>
        </inbodydescription>
        <location file="/home/billyzheng/f1tenth_gym/gym/f110_gym/envs/f110_env.py" line="148" column="1" bodyfile="/home/billyzheng/f1tenth_gym/gym/f110_gym/envs/f110_env.py" bodystart="148" bodyend="-1"/>
      </memberdef>
      <memberdef kind="variable" id="classf110__gym_1_1envs_1_1f110__env_1_1_f110_env_1ada1a8cc0681447645b811448f516885a" prot="public" static="no" mutable="no">
        <type></type>
        <definition>f110_gym.envs.f110_env.F110Env::collisions</definition>
        <argsstring></argsstring>
        <name>collisions</name>
        <briefdescription>
        </briefdescription>
        <detaileddescription>
        </detaileddescription>
        <inbodydescription>
        </inbodydescription>
        <location file="/home/billyzheng/f1tenth_gym/gym/f110_gym/envs/f110_env.py" line="149" column="1" bodyfile="/home/billyzheng/f1tenth_gym/gym/f110_gym/envs/f110_env.py" bodystart="149" bodyend="-1"/>
      </memberdef>
      <memberdef kind="variable" id="classf110__gym_1_1envs_1_1f110__env_1_1_f110_env_1afc0a35ce8ff234279acffc66092d72a1" prot="public" static="no" mutable="no">
        <type></type>
        <definition>f110_gym.envs.f110_env.F110Env::near_start</definition>
        <argsstring></argsstring>
        <name>near_start</name>
        <briefdescription>
        </briefdescription>
        <detaileddescription>
        </detaileddescription>
        <inbodydescription>
        </inbodydescription>
        <location file="/home/billyzheng/f1tenth_gym/gym/f110_gym/envs/f110_env.py" line="154" column="1" bodyfile="/home/billyzheng/f1tenth_gym/gym/f110_gym/envs/f110_env.py" bodystart="154" bodyend="-1"/>
      </memberdef>
      <memberdef kind="variable" id="classf110__gym_1_1envs_1_1f110__env_1_1_f110_env_1a6c19f5c3146fa6be496639ab4ed0d63f" prot="public" static="no" mutable="no">
        <type></type>
        <definition>f110_gym.envs.f110_env.F110Env::num_toggles</definition>
        <argsstring></argsstring>
        <name>num_toggles</name>
        <briefdescription>
        </briefdescription>
        <detaileddescription>
        </detaileddescription>
        <inbodydescription>
        </inbodydescription>
        <location file="/home/billyzheng/f1tenth_gym/gym/f110_gym/envs/f110_env.py" line="155" column="1" bodyfile="/home/billyzheng/f1tenth_gym/gym/f110_gym/envs/f110_env.py" bodystart="155" bodyend="-1"/>
      </memberdef>
      <memberdef kind="variable" id="classf110__gym_1_1envs_1_1f110__env_1_1_f110_env_1a83f64f867c24f12d9ad3e14745e23aa1" prot="public" static="no" mutable="no">
        <type></type>
        <definition>f110_gym.envs.f110_env.F110Env::lap_times</definition>
        <argsstring></argsstring>
        <name>lap_times</name>
        <briefdescription>
        </briefdescription>
        <detaileddescription>
        </detaileddescription>
        <inbodydescription>
        </inbodydescription>
        <location file="/home/billyzheng/f1tenth_gym/gym/f110_gym/envs/f110_env.py" line="158" column="1" bodyfile="/home/billyzheng/f1tenth_gym/gym/f110_gym/envs/f110_env.py" bodystart="158" bodyend="-1"/>
      </memberdef>
      <memberdef kind="variable" id="classf110__gym_1_1envs_1_1f110__env_1_1_f110_env_1a0b2cc3bd151748987c6e23f34f16d1a2" prot="public" static="no" mutable="no">
        <type></type>
        <definition>f110_gym.envs.f110_env.F110Env::lap_counts</definition>
        <argsstring></argsstring>
        <name>lap_counts</name>
        <briefdescription>
        </briefdescription>
        <detaileddescription>
        </detaileddescription>
        <inbodydescription>
        </inbodydescription>
        <location file="/home/billyzheng/f1tenth_gym/gym/f110_gym/envs/f110_env.py" line="159" column="1" bodyfile="/home/billyzheng/f1tenth_gym/gym/f110_gym/envs/f110_env.py" bodystart="159" bodyend="-1"/>
      </memberdef>
      <memberdef kind="variable" id="classf110__gym_1_1envs_1_1f110__env_1_1_f110_env_1a6539fde56adcb5755acfe1c86251f193" prot="public" static="no" mutable="no">
        <type></type>
        <definition>f110_gym.envs.f110_env.F110Env::current_time</definition>
        <argsstring></argsstring>
        <name>current_time</name>
        <briefdescription>
        </briefdescription>
        <detaileddescription>
        </detaileddescription>
        <inbodydescription>
        </inbodydescription>
        <location file="/home/billyzheng/f1tenth_gym/gym/f110_gym/envs/f110_env.py" line="160" column="1" bodyfile="/home/billyzheng/f1tenth_gym/gym/f110_gym/envs/f110_env.py" bodystart="160" bodyend="-1"/>
      </memberdef>
      <memberdef kind="variable" id="classf110__gym_1_1envs_1_1f110__env_1_1_f110_env_1a24602450e500c08f3190672922de25de" prot="public" static="no" mutable="no">
        <type></type>
        <definition>f110_gym.envs.f110_env.F110Env::near_starts</definition>
        <argsstring></argsstring>
        <name>near_starts</name>
        <briefdescription>
        </briefdescription>
        <detaileddescription>
        </detaileddescription>
        <inbodydescription>
        </inbodydescription>
        <location file="/home/billyzheng/f1tenth_gym/gym/f110_gym/envs/f110_env.py" line="165" column="1" bodyfile="/home/billyzheng/f1tenth_gym/gym/f110_gym/envs/f110_env.py" bodystart="165" bodyend="-1"/>
      </memberdef>
      <memberdef kind="variable" id="classf110__gym_1_1envs_1_1f110__env_1_1_f110_env_1a45f4f52ca91b4efa14118d3718213eb6" prot="public" static="no" mutable="no">
        <type></type>
        <definition>f110_gym.envs.f110_env.F110Env::toggle_list</definition>
        <argsstring></argsstring>
        <name>toggle_list</name>
        <briefdescription>
        </briefdescription>
        <detaileddescription>
        </detaileddescription>
        <inbodydescription>
        </inbodydescription>
        <location file="/home/billyzheng/f1tenth_gym/gym/f110_gym/envs/f110_env.py" line="166" column="1" bodyfile="/home/billyzheng/f1tenth_gym/gym/f110_gym/envs/f110_env.py" bodystart="166" bodyend="-1"/>
      </memberdef>
      <memberdef kind="variable" id="classf110__gym_1_1envs_1_1f110__env_1_1_f110_env_1ae867a64de7fea1f98cb6db6e9ff9d4ed" prot="public" static="no" mutable="no">
        <type></type>
        <definition>f110_gym.envs.f110_env.F110Env::start_xs</definition>
        <argsstring></argsstring>
        <name>start_xs</name>
        <briefdescription>
        </briefdescription>
        <detaileddescription>
        </detaileddescription>
        <inbodydescription>
        </inbodydescription>
        <location file="/home/billyzheng/f1tenth_gym/gym/f110_gym/envs/f110_env.py" line="167" column="1" bodyfile="/home/billyzheng/f1tenth_gym/gym/f110_gym/envs/f110_env.py" bodystart="167" bodyend="-1"/>
      </memberdef>
      <memberdef kind="variable" id="classf110__gym_1_1envs_1_1f110__env_1_1_f110_env_1a814ae4233f0c96728a9a5f47f5add06e" prot="public" static="no" mutable="no">
        <type></type>
        <definition>f110_gym.envs.f110_env.F110Env::start_ys</definition>
        <argsstring></argsstring>
        <name>start_ys</name>
        <briefdescription>
        </briefdescription>
        <detaileddescription>
        </detaileddescription>
        <inbodydescription>
        </inbodydescription>
        <location file="/home/billyzheng/f1tenth_gym/gym/f110_gym/envs/f110_env.py" line="168" column="1" bodyfile="/home/billyzheng/f1tenth_gym/gym/f110_gym/envs/f110_env.py" bodystart="168" bodyend="-1"/>
      </memberdef>
      <memberdef kind="variable" id="classf110__gym_1_1envs_1_1f110__env_1_1_f110_env_1a064dc8d975b3da3e0ac29f73b626b6aa" prot="public" static="no" mutable="no">
        <type></type>
        <definition>f110_gym.envs.f110_env.F110Env::start_thetas</definition>
        <argsstring></argsstring>
        <name>start_thetas</name>
        <briefdescription>
        </briefdescription>
        <detaileddescription>
        </detaileddescription>
        <inbodydescription>
        </inbodydescription>
        <location file="/home/billyzheng/f1tenth_gym/gym/f110_gym/envs/f110_env.py" line="169" column="1" bodyfile="/home/billyzheng/f1tenth_gym/gym/f110_gym/envs/f110_env.py" bodystart="169" bodyend="-1"/>
      </memberdef>
      <memberdef kind="variable" id="classf110__gym_1_1envs_1_1f110__env_1_1_f110_env_1a613e153a969b6e3df72893eed2da061f" prot="public" static="no" mutable="no">
        <type></type>
        <definition>f110_gym.envs.f110_env.F110Env::start_rot</definition>
        <argsstring></argsstring>
        <name>start_rot</name>
        <briefdescription>
        </briefdescription>
        <detaileddescription>
        </detaileddescription>
        <inbodydescription>
        </inbodydescription>
        <location file="/home/billyzheng/f1tenth_gym/gym/f110_gym/envs/f110_env.py" line="170" column="1" bodyfile="/home/billyzheng/f1tenth_gym/gym/f110_gym/envs/f110_env.py" bodystart="170" bodyend="-1"/>
      </memberdef>
      <memberdef kind="variable" id="classf110__gym_1_1envs_1_1f110__env_1_1_f110_env_1aa8a35ba4818fe79c1e2c6f9058a31dde" prot="public" static="no" mutable="no">
        <type></type>
        <definition>f110_gym.envs.f110_env.F110Env::sim</definition>
        <argsstring></argsstring>
        <name>sim</name>
        <briefdescription>
        </briefdescription>
        <detaileddescription>
        </detaileddescription>
        <inbodydescription>
        </inbodydescription>
        <location file="/home/billyzheng/f1tenth_gym/gym/f110_gym/envs/f110_env.py" line="173" column="1" bodyfile="/home/billyzheng/f1tenth_gym/gym/f110_gym/envs/f110_env.py" bodystart="173" bodyend="-1"/>
      </memberdef>
      <memberdef kind="variable" id="classf110__gym_1_1envs_1_1f110__env_1_1_f110_env_1aaa2e9426a3f641b295203f9166c33fac" prot="public" static="no" mutable="no">
        <type></type>
        <definition>f110_gym.envs.f110_env.F110Env::renderer</definition>
        <argsstring></argsstring>
        <name>renderer</name>
        <briefdescription>
        </briefdescription>
        <detaileddescription>
        </detaileddescription>
        <inbodydescription>
        </inbodydescription>
        <location file="/home/billyzheng/f1tenth_gym/gym/f110_gym/envs/f110_env.py" line="177" column="1" bodyfile="/home/billyzheng/f1tenth_gym/gym/f110_gym/envs/f110_env.py" bodystart="177" bodyend="-1"/>
      </memberdef>
      <memberdef kind="variable" id="classf110__gym_1_1envs_1_1f110__env_1_1_f110_env_1ad293c8b43306e47c4430b16b9f7b8d8c" prot="public" static="no" mutable="no">
        <type></type>
        <definition>f110_gym.envs.f110_env.F110Env::current_obs</definition>
        <argsstring></argsstring>
        <name>current_obs</name>
        <briefdescription>
        </briefdescription>
        <detaileddescription>
        </detaileddescription>
        <inbodydescription>
        </inbodydescription>
        <location file="/home/billyzheng/f1tenth_gym/gym/f110_gym/envs/f110_env.py" line="178" column="1" bodyfile="/home/billyzheng/f1tenth_gym/gym/f110_gym/envs/f110_env.py" bodystart="178" bodyend="-1"/>
      </memberdef>
      </sectiondef>
      <sectiondef kind="public-func">
      <memberdef kind="function" id="classf110__gym_1_1envs_1_1f110__env_1_1_f110_env_1a6fbba07db5d7d79bdd27f3487192e6e2" prot="public" static="no" const="no" explicit="no" inline="no" virt="non-virtual">
        <type>def</type>
        <definition>def f110_gym.envs.f110_env.F110Env.__init__</definition>
        <argsstring>(self, **kwargs)</argsstring>
        <name>__init__</name>
        <param>
          <type>self</type>
          <defname>self</defname>
        </param>
        <param>
          <type>**</type>
          <declname>kwargs</declname>
        </param>
        <briefdescription>
        </briefdescription>
        <detaileddescription>
        </detaileddescription>
        <inbodydescription>
        </inbodydescription>
        <location file="/home/billyzheng/f1tenth_gym/gym/f110_gym/envs/f110_env.py" line="95" column="1" bodyfile="/home/billyzheng/f1tenth_gym/gym/f110_gym/envs/f110_env.py" bodystart="95" bodyend="179"/>
      </memberdef>
      <memberdef kind="function" id="classf110__gym_1_1envs_1_1f110__env_1_1_f110_env_1ae193b905b3d1c213ec4324283ebdf201" prot="public" static="no" const="no" explicit="no" inline="no" virt="non-virtual">
        <type>def</type>
        <definition>def f110_gym.envs.f110_env.F110Env.__del__</definition>
        <argsstring>(self)</argsstring>
        <name>__del__</name>
        <param>
          <type>self</type>
          <defname>self</defname>
        </param>
        <briefdescription>
        </briefdescription>
        <detaileddescription>
<para><verbatim>Finalizer, does cleanup
</verbatim> </para>
        </detaileddescription>
        <inbodydescription>
        </inbodydescription>
        <location file="/home/billyzheng/f1tenth_gym/gym/f110_gym/envs/f110_env.py" line="180" column="1" bodyfile="/home/billyzheng/f1tenth_gym/gym/f110_gym/envs/f110_env.py" bodystart="180" bodyend="185"/>
      </memberdef>
      <memberdef kind="function" id="classf110__gym_1_1envs_1_1f110__env_1_1_f110_env_1a0df471828ba39c5228bf5c814a5d0e6e" prot="public" static="no" const="no" explicit="no" inline="no" virt="non-virtual">
        <type>def</type>
        <definition>def f110_gym.envs.f110_env.F110Env.step</definition>
        <argsstring>(self, action)</argsstring>
        <name>step</name>
        <param>
          <type>self</type>
          <defname>self</defname>
        </param>
        <param>
          <type>action</type>
          <defname>action</defname>
        </param>
        <briefdescription>
        </briefdescription>
        <detaileddescription>
<para><verbatim>Step function for the gym env

Args:
    action (np.ndarray(num_agents, 2))

Returns:
    obs (dict): observation of the current step
    reward (float, default=self.timestep): step reward, currently is physics timestep
    done (bool): if the simulation is done
    info (dict): auxillary information dictionary
</verbatim> </para>
        </detaileddescription>
        <inbodydescription>
        </inbodydescription>
        <location file="/home/billyzheng/f1tenth_gym/gym/f110_gym/envs/f110_env.py" line="245" column="1" bodyfile="/home/billyzheng/f1tenth_gym/gym/f110_gym/envs/f110_env.py" bodystart="245" bodyend="278"/>
      </memberdef>
      <memberdef kind="function" id="classf110__gym_1_1envs_1_1f110__env_1_1_f110_env_1ab213d62cea216bbd82d0f6d7061452fb" prot="public" static="no" const="no" explicit="no" inline="no" virt="non-virtual">
        <type>def</type>
        <definition>def f110_gym.envs.f110_env.F110Env.reset</definition>
        <argsstring>(self, poses)</argsstring>
        <name>reset</name>
        <param>
          <type>self</type>
          <defname>self</defname>
        </param>
        <param>
          <type>poses</type>
          <defname>poses</defname>
        </param>
        <briefdescription>
        </briefdescription>
        <detaileddescription>
<para><verbatim>Reset the gym environment by given poses

Args:
    poses (np.ndarray (num_agents, 3)): poses to reset agents to

Returns:
    obs (dict): observation of the current step
    reward (float, default=self.timestep): step reward, currently is physics timestep
    done (bool): if the simulation is done
    info (dict): auxillary information dictionary
</verbatim> </para>
        </detaileddescription>
        <inbodydescription>
        </inbodydescription>
        <location file="/home/billyzheng/f1tenth_gym/gym/f110_gym/envs/f110_env.py" line="279" column="1" bodyfile="/home/billyzheng/f1tenth_gym/gym/f110_gym/envs/f110_env.py" bodystart="279" bodyend="313"/>
      </memberdef>
      <memberdef kind="function" id="classf110__gym_1_1envs_1_1f110__env_1_1_f110_env_1afc210c3941c1548692c75c961ad443df" prot="public" static="no" const="no" explicit="no" inline="no" virt="non-virtual">
        <type>def</type>
        <definition>def f110_gym.envs.f110_env.F110Env.update_map</definition>
        <argsstring>(self, map_path, map_ext)</argsstring>
        <name>update_map</name>
        <param>
          <type>self</type>
          <defname>self</defname>
        </param>
        <param>
          <type>map_path</type>
          <defname>map_path</defname>
        </param>
        <param>
          <type>map_ext</type>
          <defname>map_ext</defname>
        </param>
        <briefdescription>
        </briefdescription>
        <detaileddescription>
<para><verbatim>Updates the map used by simulation

Args:
    map_path (str): absolute path to the map yaml file
    map_ext (str): extension of the map image file

Returns:
    None
</verbatim> </para>
        </detaileddescription>
        <inbodydescription>
        </inbodydescription>
        <location file="/home/billyzheng/f1tenth_gym/gym/f110_gym/envs/f110_env.py" line="314" column="1" bodyfile="/home/billyzheng/f1tenth_gym/gym/f110_gym/envs/f110_env.py" bodystart="314" bodyend="326"/>
      </memberdef>
      <memberdef kind="function" id="classf110__gym_1_1envs_1_1f110__env_1_1_f110_env_1a79d419bbf2ff0e377d808e4a8f41cc81" prot="public" static="no" const="no" explicit="no" inline="no" virt="non-virtual">
        <type>def</type>
        <definition>def f110_gym.envs.f110_env.F110Env.update_params</definition>
        <argsstring>(self, params, index=-1)</argsstring>
        <name>update_params</name>
        <param>
          <type>self</type>
          <defname>self</defname>
        </param>
        <param>
          <type>params</type>
          <defname>params</defname>
        </param>
        <param>
          <type>index</type>
          <defname>index</defname>
          <defval>-1</defval>
        </param>
        <briefdescription>
        </briefdescription>
        <detaileddescription>
<para><verbatim>Updates the parameters used by simulation for vehicles

Args:
    params (dict): dictionary of parameters
    index (int, default=-1): if &gt;= 0 then only update a specific agent&apos;s params

Returns:
    None
</verbatim> </para>
        </detaileddescription>
        <inbodydescription>
        </inbodydescription>
        <location file="/home/billyzheng/f1tenth_gym/gym/f110_gym/envs/f110_env.py" line="327" column="1" bodyfile="/home/billyzheng/f1tenth_gym/gym/f110_gym/envs/f110_env.py" bodystart="327" bodyend="339"/>
      </memberdef>
      <memberdef kind="function" id="classf110__gym_1_1envs_1_1f110__env_1_1_f110_env_1ab8e76450e63ef88c1ac9721f717fa375" prot="public" static="no" const="no" explicit="no" inline="no" virt="non-virtual">
        <type>def</type>
        <definition>def f110_gym.envs.f110_env.F110Env.render</definition>
        <argsstring>(self, mode=&apos;human&apos;)</argsstring>
        <name>render</name>
        <param>
          <type>self</type>
          <defname>self</defname>
        </param>
        <param>
          <type>mode</type>
          <defname>mode</defname>
          <defval>&apos;human&apos;</defval>
        </param>
        <briefdescription>
        </briefdescription>
        <detaileddescription>
<para><verbatim>Renders the environment with pyglet. Use mouse scroll in the window to zoom in/out, use mouse click drag to pan. Shows the agents, the map, current fps (bottom left corner), and the race information near as text.

Args:
    mode (str, default=&apos;human&apos;): rendering mode, currently supports:
&apos;human&apos;: slowed down rendering such that the env is rendered in a way that sim time elapsed is close to real time elapsed
&apos;human_fast&apos;: render as fast as possible

Returns:
    None
</verbatim> </para>
        </detaileddescription>
        <inbodydescription>
        </inbodydescription>
        <location file="/home/billyzheng/f1tenth_gym/gym/f110_gym/envs/f110_env.py" line="340" column="1" bodyfile="/home/billyzheng/f1tenth_gym/gym/f110_gym/envs/f110_env.py" bodystart="340" bodyend="365"/>
      </memberdef>
      </sectiondef>
      <sectiondef kind="private-func">
      <memberdef kind="function" id="classf110__gym_1_1envs_1_1f110__env_1_1_f110_env_1a1422010e34cb61bad1e3321c2df7e58d" prot="private" static="no" const="no" explicit="no" inline="no" virt="non-virtual">
        <type>def</type>
        <definition>def f110_gym.envs.f110_env.F110Env._check_done</definition>
        <argsstring>(self)</argsstring>
        <name>_check_done</name>
        <param>
          <type>self</type>
          <defname>self</defname>
        </param>
        <briefdescription>
        </briefdescription>
        <detaileddescription>
<para><verbatim>Check if the current rollout is done

Args:
    None

Returns:
    done (bool): whether the rollout is done
    toggle_list (list[int]): each agent&apos;s toggle list for crossing the finish zone
</verbatim> </para>
        </detaileddescription>
        <inbodydescription>
        </inbodydescription>
        <location file="/home/billyzheng/f1tenth_gym/gym/f110_gym/envs/f110_env.py" line="186" column="1" bodyfile="/home/billyzheng/f1tenth_gym/gym/f110_gym/envs/f110_env.py" bodystart="186" bodyend="229"/>
      </memberdef>
      <memberdef kind="function" id="classf110__gym_1_1envs_1_1f110__env_1_1_f110_env_1ada4d88e20d24bdddc03e5acfe1be325a" prot="private" static="no" const="no" explicit="no" inline="no" virt="non-virtual">
        <type>def</type>
        <definition>def f110_gym.envs.f110_env.F110Env._update_state</definition>
        <argsstring>(self, obs_dict)</argsstring>
        <name>_update_state</name>
        <param>
          <type>self</type>
          <defname>self</defname>
        </param>
        <param>
          <type>obs_dict</type>
          <defname>obs_dict</defname>
        </param>
        <briefdescription>
        </briefdescription>
        <detaileddescription>
<para><verbatim>Update the env&apos;s states according to observations

Args:
    obs_dict (dict): dictionary of observation

Returns:
    None
</verbatim> </para>
        </detaileddescription>
        <inbodydescription>
        </inbodydescription>
        <location file="/home/billyzheng/f1tenth_gym/gym/f110_gym/envs/f110_env.py" line="230" column="1" bodyfile="/home/billyzheng/f1tenth_gym/gym/f110_gym/envs/f110_env.py" bodystart="230" bodyend="244"/>
      </memberdef>
      </sectiondef>
    <briefdescription>
    </briefdescription>
    <detaileddescription>
<para><verbatim>OpenAI gym environment for F1TENTH

Env should be initialized by calling gym.make(&apos;f110_gym:f110-v0&apos;, **kwargs)

Args:
    kwargs:
        seed (int): seed for random state and reproducibility
        
        map (str, default=&apos;vegas&apos;): name of the map used for the environment. Currently, available environments include: &apos;berlin&apos;, &apos;vegas&apos;, &apos;skirk&apos;. You could use a string of the absolute path to the yaml file of your custom map.
    
        map_ext (str, default=&apos;png&apos;): image extension of the map image file. For example &apos;png&apos;, &apos;pgm&apos;
    
        params (dict, default={&apos;mu&apos;: 1.0489, &apos;C_Sf&apos;:, &apos;C_Sr&apos;:, &apos;lf&apos;: 0.15875, &apos;lr&apos;: 0.17145, &apos;h&apos;: 0.074, &apos;m&apos;: 3.74, &apos;I&apos;: 0.04712, &apos;s_min&apos;: -0.4189, &apos;s_max&apos;: 0.4189, &apos;sv_min&apos;: -3.2, &apos;sv_max&apos;: 3.2, &apos;v_switch&apos;:7.319, &apos;a_max&apos;: 9.51, &apos;v_min&apos;:-5.0, &apos;v_max&apos;: 20.0, &apos;width&apos;: 0.31, &apos;length&apos;: 0.58}): dictionary of vehicle parameters.
        mu: surface friction coefficient
        C_Sf: Cornering stiffness coefficient, front
        C_Sr: Cornering stiffness coefficient, rear
        lf: Distance from center of gravity to front axle
        lr: Distance from center of gravity to rear axle
        h: Height of center of gravity
        m: Total mass of the vehicle
        I: Moment of inertial of the entire vehicle about the z axis
        s_min: Minimum steering angle constraint
        s_max: Maximum steering angle constraint
        sv_min: Minimum steering velocity constraint
        sv_max: Maximum steering velocity constraint
        v_switch: Switching velocity (velocity at which the acceleration is no longer able to create wheel spin)
        a_max: Maximum longitudinal acceleration
        v_min: Minimum longitudinal velocity
        v_max: Maximum longitudinal velocity
        width: width of the vehicle in meters
        length: length of the vehicle in meters

        num_agents (int, default=2): number of agents in the environment

        timestep (float, default=0.01): physics timestep

        ego_idx (int, default=0): ego&apos;s index in list of agents
</verbatim> </para>
    </detaileddescription>
    <inheritancegraph>
      <node id="2">
        <label>Env</label>
      </node>
      <node id="1">
        <label>f110_gym.envs.f110_env.F110Env</label>
        <link refid="classf110__gym_1_1envs_1_1f110__env_1_1_f110_env"/>
        <childnode refid="2" relation="public-inheritance">
        </childnode>
        <childnode refid="3" relation="public-inheritance">
        </childnode>
      </node>
      <node id="3">
        <label>EzPickle</label>
      </node>
    </inheritancegraph>
    <collaborationgraph>
      <node id="2">
        <label>Env</label>
      </node>
      <node id="1">
        <label>f110_gym.envs.f110_env.F110Env</label>
        <link refid="classf110__gym_1_1envs_1_1f110__env_1_1_f110_env"/>
        <childnode refid="2" relation="public-inheritance">
        </childnode>
        <childnode refid="3" relation="public-inheritance">
        </childnode>
      </node>
      <node id="3">
        <label>EzPickle</label>
      </node>
    </collaborationgraph>
    <location file="/home/billyzheng/f1tenth_gym/gym/f110_gym/envs/f110_env.py" line="53" column="1" bodyfile="/home/billyzheng/f1tenth_gym/gym/f110_gym/envs/f110_env.py" bodystart="53" bodyend="365"/>
    <listofallmembers>
      <member refid="classf110__gym_1_1envs_1_1f110__env_1_1_f110_env_1ae193b905b3d1c213ec4324283ebdf201" prot="public" virt="non-virtual"><scope>f110_gym::envs::f110_env::F110Env</scope><name>__del__</name></member>
      <member refid="classf110__gym_1_1envs_1_1f110__env_1_1_f110_env_1a6fbba07db5d7d79bdd27f3487192e6e2" prot="public" virt="non-virtual"><scope>f110_gym::envs::f110_env::F110Env</scope><name>__init__</name></member>
      <member refid="classf110__gym_1_1envs_1_1f110__env_1_1_f110_env_1a1422010e34cb61bad1e3321c2df7e58d" prot="private" virt="non-virtual"><scope>f110_gym::envs::f110_env::F110Env</scope><name>_check_done</name></member>
      <member refid="classf110__gym_1_1envs_1_1f110__env_1_1_f110_env_1ada4d88e20d24bdddc03e5acfe1be325a" prot="private" virt="non-virtual"><scope>f110_gym::envs::f110_env::F110Env</scope><name>_update_state</name></member>
      <member refid="classf110__gym_1_1envs_1_1f110__env_1_1_f110_env_1ada1a8cc0681447645b811448f516885a" prot="public" virt="non-virtual"><scope>f110_gym::envs::f110_env::F110Env</scope><name>collisions</name></member>
      <member refid="classf110__gym_1_1envs_1_1f110__env_1_1_f110_env_1ad293c8b43306e47c4430b16b9f7b8d8c" prot="public" virt="non-virtual"><scope>f110_gym::envs::f110_env::F110Env</scope><name>current_obs</name></member>
      <member refid="classf110__gym_1_1envs_1_1f110__env_1_1_f110_env_1a6539fde56adcb5755acfe1c86251f193" prot="public" virt="non-virtual"><scope>f110_gym::envs::f110_env::F110Env</scope><name>current_time</name></member>
      <member refid="classf110__gym_1_1envs_1_1f110__env_1_1_f110_env_1aebce8c6c42f258d8c561da27dde0c01b" prot="public" virt="non-virtual"><scope>f110_gym::envs::f110_env::F110Env</scope><name>ego_idx</name></member>
      <member refid="classf110__gym_1_1envs_1_1f110__env_1_1_f110_env_1a0b2cc3bd151748987c6e23f34f16d1a2" prot="public" virt="non-virtual"><scope>f110_gym::envs::f110_env::F110Env</scope><name>lap_counts</name></member>
      <member refid="classf110__gym_1_1envs_1_1f110__env_1_1_f110_env_1a83f64f867c24f12d9ad3e14745e23aa1" prot="public" virt="non-virtual"><scope>f110_gym::envs::f110_env::F110Env</scope><name>lap_times</name></member>
      <member refid="classf110__gym_1_1envs_1_1f110__env_1_1_f110_env_1a147cde741845fcded400365a9d495ce3" prot="public" virt="non-virtual"><scope>f110_gym::envs::f110_env::F110Env</scope><name>map_ext</name></member>
      <member refid="classf110__gym_1_1envs_1_1f110__env_1_1_f110_env_1a6fbb8c9dad98bbad696936dec9633939" prot="public" virt="non-virtual"><scope>f110_gym::envs::f110_env::F110Env</scope><name>map_name</name></member>
      <member refid="classf110__gym_1_1envs_1_1f110__env_1_1_f110_env_1a584bf97317bbe8d38d8e0136753ded60" prot="public" virt="non-virtual"><scope>f110_gym::envs::f110_env::F110Env</scope><name>map_path</name></member>
      <member refid="classf110__gym_1_1envs_1_1f110__env_1_1_f110_env_1aee31e18855f6a73aa5051d7e4d693aa8" prot="public" virt="non-virtual"><scope>f110_gym::envs::f110_env::F110Env</scope><name>metadata</name></member>
      <member refid="classf110__gym_1_1envs_1_1f110__env_1_1_f110_env_1afc0a35ce8ff234279acffc66092d72a1" prot="public" virt="non-virtual"><scope>f110_gym::envs::f110_env::F110Env</scope><name>near_start</name></member>
      <member refid="classf110__gym_1_1envs_1_1f110__env_1_1_f110_env_1a24602450e500c08f3190672922de25de" prot="public" virt="non-virtual"><scope>f110_gym::envs::f110_env::F110Env</scope><name>near_starts</name></member>
      <member refid="classf110__gym_1_1envs_1_1f110__env_1_1_f110_env_1a4eefdcfd9a5f09eedfad9b27bf6ce45e" prot="public" virt="non-virtual"><scope>f110_gym::envs::f110_env::F110Env</scope><name>num_agents</name></member>
      <member refid="classf110__gym_1_1envs_1_1f110__env_1_1_f110_env_1a6c19f5c3146fa6be496639ab4ed0d63f" prot="public" virt="non-virtual"><scope>f110_gym::envs::f110_env::F110Env</scope><name>num_toggles</name></member>
      <member refid="classf110__gym_1_1envs_1_1f110__env_1_1_f110_env_1ab1c1a4b9cb08b685c597b1d40402a479" prot="public" virt="non-virtual"><scope>f110_gym::envs::f110_env::F110Env</scope><name>params</name></member>
      <member refid="classf110__gym_1_1envs_1_1f110__env_1_1_f110_env_1a3ffb6fa7e705c18d5316444488cb649b" prot="public" virt="non-virtual"><scope>f110_gym::envs::f110_env::F110Env</scope><name>poses_theta</name></member>
      <member refid="classf110__gym_1_1envs_1_1f110__env_1_1_f110_env_1ae83c6ed936fe9e1a542be6b2eb76395c" prot="public" virt="non-virtual"><scope>f110_gym::envs::f110_env::F110Env</scope><name>poses_x</name></member>
      <member refid="classf110__gym_1_1envs_1_1f110__env_1_1_f110_env_1a03432e028beff28596178dc9236fc4e8" prot="public" virt="non-virtual"><scope>f110_gym::envs::f110_env::F110Env</scope><name>poses_y</name></member>
      <member refid="classf110__gym_1_1envs_1_1f110__env_1_1_f110_env_1ab8e76450e63ef88c1ac9721f717fa375" prot="public" virt="non-virtual"><scope>f110_gym::envs::f110_env::F110Env</scope><name>render</name></member>
      <member refid="classf110__gym_1_1envs_1_1f110__env_1_1_f110_env_1aaa2e9426a3f641b295203f9166c33fac" prot="public" virt="non-virtual"><scope>f110_gym::envs::f110_env::F110Env</scope><name>renderer</name></member>
      <member refid="classf110__gym_1_1envs_1_1f110__env_1_1_f110_env_1ab213d62cea216bbd82d0f6d7061452fb" prot="public" virt="non-virtual"><scope>f110_gym::envs::f110_env::F110Env</scope><name>reset</name></member>
      <member refid="classf110__gym_1_1envs_1_1f110__env_1_1_f110_env_1aa8a35ba4818fe79c1e2c6f9058a31dde" prot="public" virt="non-virtual"><scope>f110_gym::envs::f110_env::F110Env</scope><name>sim</name></member>
      <member refid="classf110__gym_1_1envs_1_1f110__env_1_1_f110_env_1a613e153a969b6e3df72893eed2da061f" prot="public" virt="non-virtual"><scope>f110_gym::envs::f110_env::F110Env</scope><name>start_rot</name></member>
      <member refid="classf110__gym_1_1envs_1_1f110__env_1_1_f110_env_1a064dc8d975b3da3e0ac29f73b626b6aa" prot="public" virt="non-virtual"><scope>f110_gym::envs::f110_env::F110Env</scope><name>start_thetas</name></member>
      <member refid="classf110__gym_1_1envs_1_1f110__env_1_1_f110_env_1a2496c3576ebb86df560fb09004583527" prot="public" virt="non-virtual"><scope>f110_gym::envs::f110_env::F110Env</scope><name>start_thresh</name></member>
      <member refid="classf110__gym_1_1envs_1_1f110__env_1_1_f110_env_1ae867a64de7fea1f98cb6db6e9ff9d4ed" prot="public" virt="non-virtual"><scope>f110_gym::envs::f110_env::F110Env</scope><name>start_xs</name></member>
      <member refid="classf110__gym_1_1envs_1_1f110__env_1_1_f110_env_1a814ae4233f0c96728a9a5f47f5add06e" prot="public" virt="non-virtual"><scope>f110_gym::envs::f110_env::F110Env</scope><name>start_ys</name></member>
      <member refid="classf110__gym_1_1envs_1_1f110__env_1_1_f110_env_1a0df471828ba39c5228bf5c814a5d0e6e" prot="public" virt="non-virtual"><scope>f110_gym::envs::f110_env::F110Env</scope><name>step</name></member>
      <member refid="classf110__gym_1_1envs_1_1f110__env_1_1_f110_env_1abdc8699b0f8fb2412efef070affa8ccb" prot="public" virt="non-virtual"><scope>f110_gym::envs::f110_env::F110Env</scope><name>timestep</name></member>
      <member refid="classf110__gym_1_1envs_1_1f110__env_1_1_f110_env_1a45f4f52ca91b4efa14118d3718213eb6" prot="public" virt="non-virtual"><scope>f110_gym::envs::f110_env::F110Env</scope><name>toggle_list</name></member>
      <member refid="classf110__gym_1_1envs_1_1f110__env_1_1_f110_env_1afc210c3941c1548692c75c961ad443df" prot="public" virt="non-virtual"><scope>f110_gym::envs::f110_env::F110Env</scope><name>update_map</name></member>
      <member refid="classf110__gym_1_1envs_1_1f110__env_1_1_f110_env_1a79d419bbf2ff0e377d808e4a8f41cc81" prot="public" virt="non-virtual"><scope>f110_gym::envs::f110_env::F110Env</scope><name>update_params</name></member>
    </listofallmembers>
  </compounddef>
</doxygen>
