<?xml version='1.0' encoding='UTF-8' standalone='no'?>
<doxygen xmlns:xsi="http://www.w3.org/2001/XMLSchema-instance" xsi:noNamespaceSchemaLocation="compound.xsd" version="1.8.17">
  <compounddef id="dir_0d9aa0052a6017cb7aea189bf393af42" kind="dir">
    <compoundname>/home/billyzheng/f1tenth_gym/gym/f110_gym</compoundname>
    <innerdir refid="dir_87aab0849a7ff80b67f27d7f0ecafd88">/home/billyzheng/f1tenth_gym/gym/f110_gym/envs</innerdir>
    <innerdir refid="dir_70fc25f479e8e19f7e6bd12b95eca2dc">/home/billyzheng/f1tenth_gym/gym/f110_gym/unittest</innerdir>
    <innerfile refid="____init_____8py">__init__.py</innerfile>
    <briefdescription>
    </briefdescription>
    <detaileddescription>
    </detaileddescription>
    <location file="/home/billyzheng/f1tenth_gym/gym/f110_gym/"/>
  </compounddef>
</doxygen>
