<?xml version='1.0' encoding='UTF-8' standalone='no'?>
<doxygen xmlns:xsi="http://www.w3.org/2001/XMLSchema-instance" xsi:noNamespaceSchemaLocation="compound.xsd" version="1.8.17">
  <compounddef id="namespacef110__gym_1_1envs_1_1collision__models" kind="namespace" language="Python">
    <compoundname>f110_gym::envs::collision_models</compoundname>
    <innerclass refid="classf110__gym_1_1envs_1_1collision__models_1_1_collision_tests" prot="public">f110_gym::envs::collision_models::CollisionTests</innerclass>
      <sectiondef kind="var">
      <memberdef kind="variable" id="collision__models_8py_1a3f4abf61f205b8557a851b8dc0c28f80" prot="public" static="no" mutable="no">
        <type></type>
        <definition>f110_gym::envs::collision_models.cache</definition>
        <argsstring></argsstring>
        <name>cache</name>
        <briefdescription>
        </briefdescription>
        <detaileddescription>
        </detaileddescription>
        <inbodydescription>
        </inbodydescription>
        <location file="/home/billyzheng/f1tenth_gym/gym/f110_gym/envs/collision_models.py" line="34" column="1" bodyfile="/home/billyzheng/f1tenth_gym/gym/f110_gym/envs/collision_models.py" bodystart="34" bodyend="-1"/>
      </memberdef>
      </sectiondef>
      <sectiondef kind="func">
      <memberdef kind="function" id="collision__models_8py_1a7f066238cdec7f7f53b10bcb26647752" prot="public" static="no" const="no" explicit="no" inline="no" virt="non-virtual">
        <type>def</type>
        <definition>def f110_gym.envs.collision_models.perpendicular</definition>
        <argsstring>(pt)</argsstring>
        <name>perpendicular</name>
        <param>
          <type>pt</type>
          <defname>pt</defname>
        </param>
        <briefdescription>
        </briefdescription>
        <detaileddescription>
<para><verbatim>Return a 2-vector&apos;s perpendicular vector

Args:
    pt (np.ndarray, (2,)): input vector

Returns:
    pt (np.ndarray, (2,)): perpendicular vector
</verbatim> </para>
        </detaileddescription>
        <inbodydescription>
        </inbodydescription>
        <location file="/home/billyzheng/f1tenth_gym/gym/f110_gym/envs/collision_models.py" line="35" column="1" bodyfile="/home/billyzheng/f1tenth_gym/gym/f110_gym/envs/collision_models.py" bodystart="35" bodyend="51"/>
      </memberdef>
      <memberdef kind="function" id="collision__models_8py_1a8229a841f9f647231dad0a56b8b0c303" prot="public" static="no" const="no" explicit="no" inline="no" virt="non-virtual">
        <type>def</type>
        <definition>def f110_gym.envs.collision_models.tripleProduct</definition>
        <argsstring>(a, b, c)</argsstring>
        <name>tripleProduct</name>
        <param>
          <type>a</type>
          <defname>a</defname>
        </param>
        <param>
          <type>b</type>
          <defname>b</defname>
        </param>
        <param>
          <type>c</type>
          <defname>c</defname>
        </param>
        <briefdescription>
        </briefdescription>
        <detaileddescription>
<para><verbatim>Return triple product of three vectors

Args:
    a, b, c (np.ndarray, (2,)): input vectors

Returns:
    (np.ndarray, (2,)): triple product
</verbatim> </para>
        </detaileddescription>
        <inbodydescription>
        </inbodydescription>
        <location file="/home/billyzheng/f1tenth_gym/gym/f110_gym/envs/collision_models.py" line="52" column="1" bodyfile="/home/billyzheng/f1tenth_gym/gym/f110_gym/envs/collision_models.py" bodystart="52" bodyend="67"/>
      </memberdef>
      <memberdef kind="function" id="collision__models_8py_1ab37064c328f60306b8c34aeb1360f684" prot="public" static="no" const="no" explicit="no" inline="no" virt="non-virtual">
        <type>def</type>
        <definition>def f110_gym.envs.collision_models.avgPoint</definition>
        <argsstring>(vertices)</argsstring>
        <name>avgPoint</name>
        <param>
          <type>vertices</type>
          <defname>vertices</defname>
        </param>
        <briefdescription>
        </briefdescription>
        <detaileddescription>
<para><verbatim>Return the average point of multiple vertices

Args:
    vertices (np.ndarray, (n, 2)): the vertices we want to find avg on

Returns:
    avg (np.ndarray, (2,)): average point of the vertices
</verbatim> </para>
        </detaileddescription>
        <inbodydescription>
        </inbodydescription>
        <location file="/home/billyzheng/f1tenth_gym/gym/f110_gym/envs/collision_models.py" line="68" column="1" bodyfile="/home/billyzheng/f1tenth_gym/gym/f110_gym/envs/collision_models.py" bodystart="68" bodyend="81"/>
      </memberdef>
      <memberdef kind="function" id="collision__models_8py_1a2f317029afdf11c1bd71062939fcabac" prot="public" static="no" const="no" explicit="no" inline="no" virt="non-virtual">
        <type>def</type>
        <definition>def f110_gym.envs.collision_models.indexOfFurthestPoint</definition>
        <argsstring>(vertices, d)</argsstring>
        <name>indexOfFurthestPoint</name>
        <param>
          <type>vertices</type>
          <defname>vertices</defname>
        </param>
        <param>
          <type>d</type>
          <defname>d</defname>
        </param>
        <briefdescription>
        </briefdescription>
        <detaileddescription>
<para><verbatim>Return the index of the vertex furthest away along a direction in the list of vertices

Args:
    vertices (np.ndarray, (n, 2)): the vertices we want to find avg on

Returns:
    idx (int): index of the furthest point
</verbatim> </para>
        </detaileddescription>
        <inbodydescription>
        </inbodydescription>
        <location file="/home/billyzheng/f1tenth_gym/gym/f110_gym/envs/collision_models.py" line="82" column="1" bodyfile="/home/billyzheng/f1tenth_gym/gym/f110_gym/envs/collision_models.py" bodystart="82" bodyend="95"/>
      </memberdef>
      <memberdef kind="function" id="collision__models_8py_1a03c077ea056df0f1ab45ca392fb79a54" prot="public" static="no" const="no" explicit="no" inline="no" virt="non-virtual">
        <type>def</type>
        <definition>def f110_gym.envs.collision_models.support</definition>
        <argsstring>(vertices1, vertices2, d)</argsstring>
        <name>support</name>
        <param>
          <type>vertices1</type>
          <defname>vertices1</defname>
        </param>
        <param>
          <type>vertices2</type>
          <defname>vertices2</defname>
        </param>
        <param>
          <type>d</type>
          <defname>d</defname>
        </param>
        <briefdescription>
        </briefdescription>
        <detaileddescription>
<para><verbatim>Minkowski sum support function for GJK

Args:
    vertices1 (np.ndarray, (n, 2)): vertices of the first body
    vertices2 (np.ndarray, (n, 2)): vertices of the second body
    d (np.ndarray, (2, )): direction to find the support along

Returns:
    support (np.ndarray, (n, 2)): Minkowski sum
</verbatim> </para>
        </detaileddescription>
        <inbodydescription>
        </inbodydescription>
        <location file="/home/billyzheng/f1tenth_gym/gym/f110_gym/envs/collision_models.py" line="96" column="1" bodyfile="/home/billyzheng/f1tenth_gym/gym/f110_gym/envs/collision_models.py" bodystart="96" bodyend="113"/>
      </memberdef>
      <memberdef kind="function" id="collision__models_8py_1a653f859844d65a7ae27a6ae46631fea7" prot="public" static="no" const="no" explicit="no" inline="no" virt="non-virtual">
        <type>def</type>
        <definition>def f110_gym.envs.collision_models.collision</definition>
        <argsstring>(vertices1, vertices2)</argsstring>
        <name>collision</name>
        <param>
          <type>vertices1</type>
          <defname>vertices1</defname>
        </param>
        <param>
          <type>vertices2</type>
          <defname>vertices2</defname>
        </param>
        <briefdescription>
        </briefdescription>
        <detaileddescription>
<para><verbatim>GJK test to see whether two bodies overlap

Args:
    vertices1 (np.ndarray, (n, 2)): vertices of the first body
    vertices2 (np.ndarray, (n, 2)): vertices of the second body

Returns:
    overlap (boolean): True if two bodies collide
</verbatim> </para>
        </detaileddescription>
        <inbodydescription>
        </inbodydescription>
        <location file="/home/billyzheng/f1tenth_gym/gym/f110_gym/envs/collision_models.py" line="114" column="1" bodyfile="/home/billyzheng/f1tenth_gym/gym/f110_gym/envs/collision_models.py" bodystart="114" bodyend="184"/>
      </memberdef>
      <memberdef kind="function" id="collision__models_8py_1aa40d5d95afb6a98d4c2766acbf174adb" prot="public" static="no" const="no" explicit="no" inline="no" virt="non-virtual">
        <type>def</type>
        <definition>def f110_gym.envs.collision_models.collision_multiple</definition>
        <argsstring>(vertices)</argsstring>
        <name>collision_multiple</name>
        <param>
          <type>vertices</type>
          <defname>vertices</defname>
        </param>
        <briefdescription>
        </briefdescription>
        <detaileddescription>
<para><verbatim>Check pair-wise collisions for all provided vertices

Args:
    vertices (np.ndarray (num_bodies, 4, 2)): all vertices for checking pair-wise collision

Returns:
    collisions (np.ndarray (num_vertices, )): whether each body is in collision
    collision_idx (np.ndarray (num_vertices, )): which index of other body is each index&apos;s body is in collision, -1 if not in collision
</verbatim> </para>
        </detaileddescription>
        <inbodydescription>
        </inbodydescription>
        <location file="/home/billyzheng/f1tenth_gym/gym/f110_gym/envs/collision_models.py" line="185" column="1" bodyfile="/home/billyzheng/f1tenth_gym/gym/f110_gym/envs/collision_models.py" bodystart="185" bodyend="218"/>
      </memberdef>
      <memberdef kind="function" id="collision__models_8py_1a246a31b398ede8d389c1968899be94ac" prot="public" static="no" const="no" explicit="no" inline="no" virt="non-virtual">
        <type>def</type>
        <definition>def f110_gym.envs.collision_models.get_trmtx</definition>
        <argsstring>(pose)</argsstring>
        <name>get_trmtx</name>
        <param>
          <type>pose</type>
          <defname>pose</defname>
        </param>
        <briefdescription>
        </briefdescription>
        <detaileddescription>
<para><verbatim>Get transformation matrix of vehicle frame -&gt; global frame

Args:
    pose (np.ndarray (3, )): current pose of the vehicle

return:
    H (np.ndarray (4, 4)): transformation matrix
</verbatim> </para>
        </detaileddescription>
        <inbodydescription>
        </inbodydescription>
        <location file="/home/billyzheng/f1tenth_gym/gym/f110_gym/envs/collision_models.py" line="219" column="1" bodyfile="/home/billyzheng/f1tenth_gym/gym/f110_gym/envs/collision_models.py" bodystart="219" bodyend="237"/>
      </memberdef>
      <memberdef kind="function" id="collision__models_8py_1a344bb9ab1af76db9d028fd7f89384231" prot="public" static="no" const="no" explicit="no" inline="no" virt="non-virtual">
        <type>def</type>
        <definition>def f110_gym.envs.collision_models.get_vertices</definition>
        <argsstring>(pose, length, width)</argsstring>
        <name>get_vertices</name>
        <param>
          <type>pose</type>
          <defname>pose</defname>
        </param>
        <param>
          <type>length</type>
          <defname>length</defname>
        </param>
        <param>
          <type>width</type>
          <defname>width</defname>
        </param>
        <briefdescription>
        </briefdescription>
        <detaileddescription>
<para><verbatim>Utility function to return vertices of the car body given pose and size

Args:
    pose (np.ndarray, (3, )): current world coordinate pose of the vehicle
    length (float): car length
    width (float): car width

Returns:
    vertices (np.ndarray, (4, 2)): corner vertices of the vehicle body
</verbatim> </para>
        </detaileddescription>
        <inbodydescription>
        </inbodydescription>
        <location file="/home/billyzheng/f1tenth_gym/gym/f110_gym/envs/collision_models.py" line="238" column="1" bodyfile="/home/billyzheng/f1tenth_gym/gym/f110_gym/envs/collision_models.py" bodystart="238" bodyend="267"/>
      </memberdef>
      </sectiondef>
    <briefdescription>
    </briefdescription>
    <detaileddescription>
    </detaileddescription>
    <location file="/home/billyzheng/f1tenth_gym/gym/f110_gym/envs/collision_models.py" line="1" column="1"/>
  </compounddef>
</doxygen>
