<?xml version='1.0' encoding='UTF-8' standalone='no'?>
<doxygen xmlns:xsi="http://www.w3.org/2001/XMLSchema-instance" xsi:noNamespaceSchemaLocation="compound.xsd" version="1.8.17">
  <compounddef id="namespacef110__gym_1_1envs_1_1f110__env__backup" kind="namespace" language="Python">
    <compoundname>f110_gym::envs::f110_env_backup</compoundname>
    <innerclass refid="classf110__gym_1_1envs_1_1f110__env__backup_1_1_f110_env" prot="public">f110_gym::envs::f110_env_backup::F110Env</innerclass>
    <briefdescription>
    </briefdescription>
    <detaileddescription>
    </detaileddescription>
    <location file="/home/billyzheng/f1tenth_gym/gym/f110_gym/envs/f110_env_backup.py" line="1" column="1"/>
  </compounddef>
</doxygen>
